query,hits,truth_visited,truth_not_visited,visited_not_returned,visited_nodes,expanded_nodes,route_nodes,distance_evaluations,early_stop
0,10,10,0,0,802,128,0,802,1
1,10,10,0,0,798,128,0,798,1
2,9,9,1,0,617,128,0,617,1
3,8,8,2,0,907,133,0,907,1
4,8,8,2,0,890,129,0,890,1
5,7,7,3,0,772,128,0,772,1
6,7,7,3,0,978,129,0,978,1
7,3,3,7,0,922,131,0,922,1
8,9,9,1,0,797,128,0,797,1
9,6,6,4,0,877,137,0,877,1
10,9,9,1,0,471,130,0,471,1
11,10,10,0,0,466,129,0,466,1
12,10,10,0,0,862,129,0,862,1
13,1,1,9,0,913,129,0,913,1
14,9,9,1,0,913,131,0,913,1
15,10,10,0,0,822,129,0,822,1
16,10,10,0,0,442,129,0,442,1
17,10,10,0,0,964,129,0,964,1
18,6,6,4,0,917,131,0,917,1
19,10,10,0,0,741,129,0,741,1
20,10,10,0,0,895,129,0,895,1
21,7,7,3,0,936,128,0,936,1
22,5,5,5,0,961,134,0,961,1
23,8,8,2,0,808,129,0,808,1
24,8,8,2,0,856,138,0,856,1
25,7,7,3,0,957,129,0,957,1
26,5,5,5,0,921,130,0,921,1
27,7,7,3,0,918,129,0,918,1
28,9,9,1,0,785,129,0,785,1
29,8,8,2,0,677,130,0,677,1
30,10,10,0,0,786,130,0,786,1
31,7,7,3,0,874,129,0,874,1
32,9,9,1,0,915,132,0,915,1
33,10,10,0,0,723,130,0,723,1
34,9,9,1,0,786,137,0,786,1
35,7,7,3,0,814,137,0,814,1
36,9,9,1,0,670,134,0,670,1
37,8,8,2,0,750,131,0,750,1
38,8,8,2,0,756,129,0,756,1
39,7,7,3,0,859,136,0,859,1
40,10,10,0,0,724,134,0,724,1
41,6,6,4,0,802,129,0,802,1
42,10,10,0,0,707,129,0,707,1
43,9,9,1,0,704,129,0,704,1
44,10,10,0,0,681,129,0,681,1
45,10,10,0,0,708,129,0,708,1
46,10,10,0,0,703,130,0,703,1
47,8,8,2,0,652,128,0,652,1
48,6,6,4,0,860,129,0,860,1
49,10,10,0,0,813,129,0,813,1
50,6,6,4,0,769,130,0,769,1
51,9,9,1,0,784,129,0,784,1
52,8,8,2,0,800,129,0,800,1
53,7,7,3,0,876,130,0,876,1
54,7,7,3,0,1016,134,0,1016,1
55,9,9,1,0,799,129,0,799,1
56,8,8,2,0,859,129,0,859,1
57,6,6,4,0,711,129,0,711,1
58,9,9,1,0,676,129,0,676,1
59,2,2,8,0,949,129,0,949,1
60,9,9,1,0,893,129,0,893,1
61,7,7,3,0,891,133,0,891,1
62,9,9,1,0,896,134,0,896,1
63,10,10,0,0,906,129,0,906,1
64,9,9,1,0,852,129,0,852,1
65,9,9,1,0,890,132,0,890,1
66,10,10,0,0,889,135,0,889,1
67,9,9,1,0,958,129,0,958,1
68,8,8,2,0,917,130,0,917,1
69,9,9,1,0,944,129,0,944,1
70,8,8,2,0,862,129,0,862,1
71,7,7,3,0,814,130,0,814,1
72,9,9,1,0,870,129,0,870,1
73,6,6,4,0,752,129,0,752,1
74,8,8,2,0,804,128,0,804,1
75,9,9,1,0,724,129,0,724,1
76,9,9,1,0,851,135,0,851,1
77,6,6,4,0,842,129,0,842,1
78,8,8,2,0,886,129,0,886,1
79,5,5,5,0,945,130,0,945,1
80,9,9,1,0,944,129,0,944,1
81,7,7,3,0,1013,131,0,1013,1
82,9,9,1,0,845,129,0,845,1
83,8,8,2,0,829,129,0,829,1
84,8,8,2,0,1016,139,0,1016,1
85,9,9,1,0,939,129,0,939,1
86,9,9,1,0,914,134,0,914,1
87,9,9,1,0,823,140,0,823,1
88,8,8,2,0,817,131,0,817,1
89,10,10,0,0,838,128,0,838,1
90,10,10,0,0,801,133,0,801,1
91,6,6,4,0,781,134,0,781,1
92,7,7,3,0,864,129,0,864,1
93,7,7,3,0,907,129,0,907,1
94,9,9,1,0,840,128,0,840,1
95,10,10,0,0,980,130,0,980,1
96,4,4,6,0,662,128,0,662,1
97,10,10,0,0,741,131,0,741,1
98,9,9,1,0,908,134,0,908,1
99,9,9,1,0,1036,129,0,1036,1
