query,latency_us
0,1221.034000
1,1290.012000
2,985.157000
3,1222.714000
4,1339.550000
5,1106.416000
6,1331.870000
7,1445.408000
8,1138.305000
9,1120.555000
10,848.992000
11,733.904000
12,1122.876000
13,1300.852000
14,1210.803000
15,1023.757000
16,716.615000
17,1121.895000
18,1345.140000
19,956.209000
20,1076.886000
21,1282.162000
22,1326.441000
23,1157.224000
24,1024.868000
25,1392.959000
26,1217.734000
27,1290.972000
28,1144.166000
29,1049.888000
30,1082.676000
31,1139.506000
32,1224.413000
33,999.328000
34,1040.287000
35,1028.457000
36,948.259000
37,1074.567000
38,1086.936000
39,1078.804000
40,882.282000
41,1243.002000
42,895.329000
43,917.169000
44,736.464000
45,960.399000
46,726.223000
47,909.260000
48,1101.146000
49,1078.217000
50,1012.078000
51,1083.196000
52,1056.046000
53,1154.495000
54,1169.174000
55,1021.708000
56,1087.226000
57,1007.448000
58,996.158000
59,1296.552000
60,1224.444000
61,1202.944000
62,1265.932000
63,1173.645000
64,1190.084000
65,1124.765000
66,998.068000
67,1192.733000
68,1135.226000
69,1194.173000
70,1213.224000
71,1068.927000
72,1190.444000
73,1151.634000
74,995.278000
75,832.342000
76,761.204000
77,1168.915000
78,1296.892000
79,1387.890000
80,1269.293000
81,1248.742000
82,1052.306000
83,1171.614000
84,1090.306000
85,1097.235000
86,977.379000
87,1100.896000
88,1021.388000
89,856.431000
90,1120.196000
91,1052.248000
92,1044.587000
93,1329.031000
94,1150.704000
95,1272.053000
96,1058.116000
97,961.169000
98,1114.826000
99,1344.770000
