cycle,phase,action,source,target
1099,remove,added,343,346
1099,remove,added,671,8307
1099,remove,added,1657,1864
1099,remove,added,1780,1885
1099,remove,added,1885,8307
1099,add,dropped,343,346
1099,add,dropped,671,318
1099,add,dropped,1657,1013
1099,add,dropped,1885,161
3000,remove,dropped,70,519
3000,remove,dropped,5905,2003
3000,remove,added,70,3970
3000,remove,added,70,6001
3000,remove,added,482,1295
3000,remove,added,573,5819
3000,remove,added,3970,7122
3000,remove,added,4511,7664
3000,remove,added,4723,6001
3000,remove,added,4940,6001
3000,remove,added,5815,6001
3000,remove,added,5905,4723
3000,remove,added,7664,5819
3000,add,dropped,482,1295
3000,add,dropped,573,3219
3000,add,dropped,6727,1707
3000,add,dropped,7664,5819
7112,remove,added,27,5576
7112,remove,added,83,3754
7112,remove,added,86,8754
7112,remove,added,89,8754
7112,remove,added,217,9069
7112,remove,added,245,8754
7112,remove,added,267,5576
7112,remove,added,282,3360
7112,remove,added,291,8754
7112,remove,added,299,8754
7112,remove,added,356,8710
7112,remove,added,394,6974
7112,remove,added,489,3360
7112,remove,added,593,8754
7112,remove,added,603,6974
7112,remove,added,800,89
7112,remove,added,846,3633
7112,remove,added,934,6974
7112,remove,added,966,9069
7112,remove,added,1030,8754
7112,remove,added,1045,7776
7112,remove,added,1062,6974
7112,remove,added,1123,6974
7112,remove,added,1160,8754
7112,remove,added,1169,6893
7112,remove,added,1267,89
7112,remove,added,1285,5576
7112,remove,added,1404,1677
7112,remove,added,1411,8754
7112,remove,added,1629,89
7112,remove,added,1655,3754
7112,remove,added,1677,3633
7112,remove,added,1722,8754
7112,remove,added,1819,9069
7112,remove,added,1829,8754
7112,remove,added,1957,9145
7112,remove,added,1968,5576
7112,remove,added,1992,8754
7112,remove,added,2015,7776
7112,remove,added,2022,3754
7112,remove,added,2119,6959
7112,remove,added,2129,9069
7112,remove,added,2275,3633
7112,remove,added,2277,5576
7112,remove,added,2301,1677
7112,remove,added,2312,8754
7112,remove,added,2317,3754
7112,remove,added,2399,8754
7112,remove,added,2527,8754
7112,remove,added,2571,8754
7112,remove,added,2724,6974
7112,remove,added,2838,1677
7112,remove,added,2842,9145
7112,remove,added,2881,89
7112,remove,added,2939,7254
7112,remove,added,2957,6974
7112,remove,added,2989,7776
7112,remove,added,3023,5576
7112,remove,added,3130,6974
7112,remove,added,3163,8754
7112,remove,added,3167,6893
7112,remove,added,3178,6974
7112,remove,added,3225,6974
7112,remove,added,3292,3633
7112,remove,added,3344,1677
7112,remove,added,3360,4977
7112,remove,added,3365,5576
7112,remove,added,3435,89
7112,remove,added,3506,1677
7112,remove,added,3507,6974
7112,remove,added,3509,1677
7112,remove,added,3540,6959
7112,remove,added,3600,6974
7112,remove,added,3633,9069
7112,remove,added,3650,8754
7112,remove,added,3710,8754
7112,remove,added,3754,6974
7112,remove,added,3779,8710
7112,remove,added,3796,8754
7112,remove,added,3849,1677
7112,remove,added,3900,8710
7112,remove,added,3984,1677
7112,remove,added,4103,1677
7112,remove,added,4111,8754
7112,remove,added,4140,6959
7112,remove,added,4157,8754
7112,remove,added,4258,3754
7112,remove,added,4289,8754
7112,remove,added,4329,8754
7112,remove,added,4431,8754
7112,remove,added,4445,8710
7112,remove,added,4617,4977
7112,remove,added,4620,8754
7112,remove,added,4649,7254
7112,remove,added,4657,89
7112,remove,added,4664,6974
7112,remove,added,4731,6893
7112,remove,added,4847,8754
7112,remove,added,4878,8754
7112,remove,added,4887,8754
7112,remove,added,4892,1677
7112,remove,added,4908,6959
7112,remove,added,4931,6974
7112,remove,added,4942,6974
7112,remove,added,4977,89
7112,remove,added,5021,1677
7112,remove,added,5053,8754
7112,remove,added,5123,3633
7112,remove,added,5184,6893
7112,remove,added,5189,8754
7112,remove,added,5261,7776
7112,remove,added,5301,6974
7112,remove,added,5309,89
7112,remove,added,5367,8754
7112,remove,added,5413,6974
7112,remove,added,5419,8754
7112,remove,added,5462,4977
7112,remove,added,5481,8710
7112,remove,added,5576,3633
7112,remove,added,5702,1677
7112,remove,added,5709,6893
7112,remove,added,5767,6974
7112,remove,added,5946,9069
7112,remove,added,6119,3360
7112,remove,added,6120,8754
7112,remove,added,6128,8754
7112,remove,added,6237,6893
7112,remove,added,6246,6893
7112,remove,added,6348,4977
7112,remove,added,6426,8754
7112,remove,added,6434,8754
7112,remove,added,6459,9145
7112,remove,added,6515,6974
7112,remove,added,6530,3633
7112,remove,added,6547,6959
7112,remove,added,6606,8754
7112,remove,added,6665,1677
7112,remove,added,6795,8754
7112,remove,added,6834,8754
7112,remove,added,6893,3754
7112,remove,added,6959,3633
7112,remove,added,6974,3754
7112,remove,added,7009,6959
7112,remove,added,7012,6974
7112,remove,added,7082,6974
7112,remove,added,7122,6974
7112,remove,added,7123,3360
7112,remove,added,7220,1677
7112,remove,added,7254,6893
7112,remove,added,7336,8754
7112,remove,added,7371,8754
7112,remove,added,7390,8754
7112,remove,added,7422,6974
7112,remove,added,7443,8754
7112,remove,added,7495,8754
7112,remove,added,7514,6959
7112,remove,added,7559,1677
7112,remove,added,7566,8754
7112,remove,added,7687,8754
7112,remove,added,7741,4977
7112,remove,added,7761,8754
7112,remove,added,7768,8754
7112,remove,added,7772,3360
7112,remove,added,7776,8754
7112,remove,added,7892,3360
7112,remove,added,7969,6893
7112,remove,added,8009,8754
7112,remove,added,8121,6959
7112,remove,added,8122,89
7112,remove,added,8142,8710
7112,remove,added,8156,1677
7112,remove,added,8245,9145
7112,remove,added,8267,3633
7112,remove,added,8301,8754
7112,remove,added,8329,1677
7112,remove,added,8474,8754
7112,remove,added,8498,3633
7112,remove,added,8550,6959
7112,remove,added,8552,4977
7112,remove,added,8590,8754
7112,remove,added,8613,1677
7112,remove,added,8654,5576
7112,remove,added,8710,8754
7112,remove,added,8721,6974
7112,remove,added,8722,3633
7112,remove,added,8754,8710
7112,remove,added,8830,5576
7112,remove,added,8907,6974
7112,remove,added,8932,3633
7112,remove,added,9001,6974
7112,remove,added,9069,8754
7112,remove,added,9082,1677
7112,remove,added,9128,6974
7112,remove,added,9145,8754
7112,remove,added,9227,3754
7112,remove,added,9353,6974
7112,remove,added,9362,3633
7112,remove,added,9390,8754
7112,remove,added,9395,7254
7112,remove,added,9400,8754
7112,remove,added,9452,6974
7112,remove,added,9466,89
7112,remove,added,9552,8754
7112,remove,added,9582,8754
7112,remove,added,9595,6974
7112,remove,added,9653,9145
7112,remove,added,9727,8710
7112,remove,added,9848,8754
7112,add,dropped,89,8754
7112,add,dropped,1677,3633
7112,add,dropped,3360,4977
7112,add,dropped,3633,9069
7112,add,dropped,3754,245
7112,add,dropped,4977,89
7112,add,dropped,5576,3633
7112,add,dropped,6893,9452
7112,add,dropped,6959,3633
7112,add,dropped,6974,3754
7112,add,dropped,7254,6893
7112,add,dropped,7776,8754
7112,add,dropped,8710,5462
7112,add,dropped,8754,8710
7112,add,dropped,9069,8754
7112,add,dropped,9145,8754
