query,hits,k,recall_at_k
0,8,10,0.8
1,8,10,0.8
2,6,10,0.6
3,8,10,0.8
4,8,10,0.8
5,3,10,0.3
6,4,10,0.4
7,10,10,1
8,8,10,0.8
9,10,10,1
10,10,10,1
11,10,10,1
12,10,10,1
13,9,10,0.9
14,6,10,0.6
15,7,10,0.7
16,4,10,0.4
17,10,10,1
18,10,10,1
19,6,10,0.6
20,9,10,0.9
21,7,10,0.7
22,10,10,1
23,10,10,1
24,8,10,0.8
25,9,10,0.9
26,9,10,0.9
27,10,10,1
28,9,10,0.9
29,10,10,1
30,7,10,0.7
31,10,10,1
32,10,10,1
33,9,10,0.9
34,8,10,0.8
35,9,10,0.9
36,9,10,0.9
37,8,10,0.8
38,9,10,0.9
39,10,10,1
40,10,10,1
41,9,10,0.9
42,10,10,1
43,8,10,0.8
44,7,10,0.7
45,9,10,0.9
46,3,10,0.3
47,10,10,1
48,9,10,0.9
49,10,10,1
50,6,10,0.6
51,10,10,1
52,10,10,1
53,10,10,1
54,8,10,0.8
55,10,10,1
56,10,10,1
57,10,10,1
58,9,10,0.9
59,6,10,0.6
60,10,10,1
61,9,10,0.9
62,10,10,1
63,9,10,0.9
64,10,10,1
65,6,10,0.6
66,8,10,0.8
67,6,10,0.6
68,6,10,0.6
69,8,10,0.8
70,10,10,1
71,9,10,0.9
72,7,10,0.7
73,10,10,1
74,10,10,1
75,10,10,1
76,8,10,0.8
77,9,10,0.9
78,10,10,1
79,9,10,0.9
80,7,10,0.7
81,6,10,0.6
82,9,10,0.9
83,7,10,0.7
84,8,10,0.8
85,8,10,0.8
86,9,10,0.9
87,9,10,0.9
88,9,10,0.9
89,10,10,1
90,10,10,1
91,8,10,0.8
92,7,10,0.7
93,5,10,0.5
94,9,10,0.9
95,8,10,0.8
96,5,10,0.5
97,5,10,0.5
98,7,10,0.7
99,7,10,0.7
100,7,10,0.7
101,8,10,0.8
102,7,10,0.7
103,8,10,0.8
104,10,10,1
105,10,10,1
106,6,10,0.6
107,4,10,0.4
108,7,10,0.7
109,10,10,1
110,8,10,0.8
111,8,10,0.8
112,10,10,1
113,6,10,0.6
114,8,10,0.8
115,7,10,0.7
116,8,10,0.8
117,9,10,0.9
118,7,10,0.7
119,5,10,0.5
120,8,10,0.8
121,8,10,0.8
122,7,10,0.7
123,7,10,0.7
124,9,10,0.9
125,7,10,0.7
126,7,10,0.7
127,8,10,0.8
128,7,10,0.7
129,8,10,0.8
130,10,10,1
131,8,10,0.8
132,8,10,0.8
133,10,10,1
134,9,10,0.9
135,8,10,0.8
136,8,10,0.8
137,8,10,0.8
138,9,10,0.9
139,8,10,0.8
140,8,10,0.8
141,10,10,1
142,8,10,0.8
143,7,10,0.7
144,10,10,1
145,8,10,0.8
146,5,10,0.5
147,7,10,0.7
148,6,10,0.6
149,7,10,0.7
150,9,10,0.9
151,7,10,0.7
152,10,10,1
153,8,10,0.8
154,9,10,0.9
155,7,10,0.7
156,7,10,0.7
157,6,10,0.6
158,7,10,0.7
159,7,10,0.7
160,2,10,0.2
161,9,10,0.9
162,4,10,0.4
163,10,10,1
164,8,10,0.8
165,7,10,0.7
166,10,10,1
167,5,10,0.5
168,8,10,0.8
169,8,10,0.8
170,10,10,1
171,9,10,0.9
172,9,10,0.9
173,10,10,1
174,10,10,1
175,10,10,1
176,10,10,1
177,7,10,0.7
178,9,10,0.9
179,9,10,0.9
180,10,10,1
181,10,10,1
182,10,10,1
183,10,10,1
184,10,10,1
185,5,10,0.5
186,10,10,1
187,10,10,1
188,9,10,0.9
189,10,10,1
190,8,10,0.8
191,7,10,0.7
192,9,10,0.9
193,10,10,1
194,10,10,1
195,6,10,0.6
196,6,10,0.6
197,7,10,0.7
198,8,10,0.8
199,8,10,0.8
200,7,10,0.7
201,9,10,0.9
202,4,10,0.4
203,10,10,1
204,10,10,1
205,9,10,0.9
206,8,10,0.8
207,9,10,0.9
208,10,10,1
209,7,10,0.7
210,8,10,0.8
211,8,10,0.8
212,4,10,0.4
213,10,10,1
214,6,10,0.6
215,9,10,0.9
216,9,10,0.9
217,10,10,1
218,7,10,0.7
219,9,10,0.9
220,7,10,0.7
221,8,10,0.8
222,7,10,0.7
223,10,10,1
224,10,10,1
225,10,10,1
226,10,10,1
227,9,10,0.9
228,9,10,0.9
229,4,10,0.4
230,9,10,0.9
231,10,10,1
232,10,10,1
233,9,10,0.9
234,6,10,0.6
235,10,10,1
236,7,10,0.7
237,9,10,0.9
238,10,10,1
239,8,10,0.8
240,10,10,1
241,8,10,0.8
242,10,10,1
243,8,10,0.8
244,6,10,0.6
245,7,10,0.7
246,10,10,1
247,3,10,0.3
248,9,10,0.9
249,10,10,1
250,7,10,0.7
251,3,10,0.3
252,10,10,1
253,10,10,1
254,6,10,0.6
255,9,10,0.9
256,8,10,0.8
257,8,10,0.8
258,9,10,0.9
259,10,10,1
260,10,10,1
261,10,10,1
262,10,10,1
263,9,10,0.9
264,10,10,1
265,10,10,1
266,10,10,1
267,10,10,1
268,10,10,1
269,10,10,1
270,7,10,0.7
271,6,10,0.6
272,10,10,1
273,9,10,0.9
274,8,10,0.8
275,10,10,1
276,10,10,1
277,8,10,0.8
278,10,10,1
279,10,10,1
280,10,10,1
281,10,10,1
282,9,10,0.9
283,4,10,0.4
284,8,10,0.8
285,10,10,1
286,10,10,1
287,9,10,0.9
288,8,10,0.8
289,8,10,0.8
290,8,10,0.8
291,7,10,0.7
292,10,10,1
293,7,10,0.7
294,9,10,0.9
295,10,10,1
296,10,10,1
297,8,10,0.8
298,6,10,0.6
299,6,10,0.6
