query,rank,id,distance
0,0,7559,0x1.7e673ap-2
0,1,1476,0x1.8825d8p-2
0,2,3886,0x1.90083p-2
0,3,6430,0x1.938d96p-2
0,4,8539,0x1.963478p-2
0,5,9356,0x1.a5919p-2
0,6,2465,0x1.a7d74cp-2
0,7,3251,0x1.abap-2
0,8,447,0x1.adce5ep-2
0,9,5420,0x1.b165fp-2
1,0,4572,0x1.7ce102p-2
1,1,3453,0x1.829d4ap-2
1,2,1616,0x1.a85b7cp-2
1,3,937,0x1.b04c9p-2
1,4,6221,0x1.b60544p-2
1,5,9738,0x1.b6b91cp-2
1,6,2977,0x1.b85b3cp-2
1,7,3442,0x1.b9b52p-2
1,8,2533,0x1.bc5716p-2
1,9,595,0x1.c181a6p-2
2,0,5729,0x1.1faf78p-2
2,1,1026,0x1.32c69cp-2
2,2,8063,0x1.40a474p-2
2,3,6781,0x1.475d4cp-2
2,4,5865,0x1.478c82p-2
2,5,8646,0x1.4b444p-2
2,6,6706,0x1.4e3fa8p-2
2,7,9651,0x1.4f53acp-2
2,8,7774,0x1.4fddd2p-2
2,9,6972,0x1.522214p-2
3,0,1336,0x1.7b29cp-3
3,1,7349,0x1.98cd1cp-3
3,2,2644,0x1.bd1268p-3
3,3,811,0x1.bf474p-3
3,4,8503,0x1.c8104cp-3
3,5,3361,0x1.e14328p-3
3,6,8352,0x1.e3a21p-3
3,7,5931,0x1.f112e4p-3
3,8,1682,0x1.f3c75p-3
3,9,6508,0x1.f8a2f6p-3
4,0,2513,0x1.b28e0cp-3
4,1,4099,0x1.d13078p-3
4,2,908,0x1.e37a38p-3
4,3,1712,0x1.f24208p-3
4,4,3094,0x1.05717ep-2
4,5,2286,0x1.0c0164p-2
4,6,8429,0x1.0d0bb8p-2
4,7,4158,0x1.0dbe2ap-2
4,8,2723,0x1.0ee0f8p-2
4,9,8070,0x1.0ff5ap-2
5,0,631,0x1.27242cp-2
5,1,8423,0x1.326ep-2
5,2,4116,0x1.3ff36p-2
5,3,5798,0x1.563bb8p-2
5,4,8757,0x1.59af6cp-2
5,5,7366,0x1.5de708p-2
5,6,9016,0x1.62347p-2
5,7,4114,0x1.6311cep-2
5,8,3245,0x1.68fdfcp-2
5,9,3922,0x1.6a316cp-2
6,0,9468,0x1.277f2p-2
6,1,8067,0x1.2863bp-2
6,2,185,0x1.2967b4p-2
6,3,559,0x1.3005b2p-2
6,4,3721,0x1.3b7732p-2
6,5,2389,0x1.3e7adcp-2
6,6,7411,0x1.4079a4p-2
6,7,3996,0x1.42e774p-2
6,8,3895,0x1.486648p-2
6,9,4960,0x1.499d0cp-2
7,0,4193,0x1.2845cap-2
7,1,259,0x1.2bc11cp-2
7,2,4232,0x1.308274p-2
7,3,3886,0x1.31692cp-2
7,4,5795,0x1.356b36p-2
7,5,6131,0x1.39e8bep-2
7,6,871,0x1.3c86bp-2
7,7,8590,0x1.435a78p-2
7,8,8660,0x1.451988p-2
7,9,117,0x1.46c77p-2
8,0,4561,0x1.e9bc6p-2
8,1,6735,0x1.ee6748p-2
8,2,2750,0x1.fe7ab8p-2
8,3,1395,0x1.02a194p-1
8,4,4596,0x1.054b0ap-1
8,5,3684,0x1.0603d8p-1
8,6,3662,0x1.063cacp-1
8,7,1659,0x1.064c2ap-1
8,8,8162,0x1.074faap-1
8,9,5898,0x1.0a2068p-1
9,0,4966,0x1.37638p-2
9,1,9268,0x1.37f60ap-2
9,2,8513,0x1.3ab9d4p-2
9,3,3254,0x1.3ceafep-2
9,4,2976,0x1.40fa38p-2
9,5,2921,0x1.414a4cp-2
9,6,8067,0x1.41dd4p-2
9,7,3463,0x1.4e950ep-2
9,8,2648,0x1.4edc12p-2
9,9,8360,0x1.500b48p-2
10,0,7303,0x1.642aaap-2
10,1,8169,0x1.780346p-2
10,2,3924,0x1.7f6f58p-2
10,3,325,0x1.89fd44p-2
10,4,1981,0x1.93b3acp-2
10,5,2950,0x1.9ae688p-2
10,6,8154,0x1.9b30fep-2
10,7,2488,0x1.9fd3ccp-2
10,8,9726,0x1.a08fap-2
10,9,8031,0x1.a114acp-2
11,0,6141,0x1.bb2cap-3
11,1,5556,0x1.02d034p-2
11,2,2852,0x1.0739ep-2
11,3,7116,0x1.0f79e2p-2
11,4,9373,0x1.185bcep-2
11,5,5480,0x1.22157ap-2
11,6,495,0x1.23ee96p-2
11,7,3515,0x1.292fd8p-2
11,8,1587,0x1.2f6cc4p-2
11,9,9997,0x1.2f986ap-2
12,0,3598,0x1.e421c8p-3
12,1,7411,0x1.26794p-2
12,2,9110,0x1.2f6efep-2
12,3,3996,0x1.392e4p-2
12,4,4984,0x1.498416p-2
12,5,5646,0x1.4ba3f8p-2
12,6,3741,0x1.4db058p-2
12,7,2598,0x1.4e22fp-2
12,8,3001,0x1.50d4d8p-2
12,9,989,0x1.538cb4p-2
13,0,9774,0x1.eddfc4p-3
13,1,9955,0x1.052a82p-2
13,2,7675,0x1.05abccp-2
13,3,8756,0x1.07f926p-2
13,4,7838,0x1.0c9636p-2
13,5,5607,0x1.0d3e18p-2
13,6,7175,0x1.1d6b9ap-2
13,7,683,0x1.1e16f8p-2
13,8,4055,0x1.2101f4p-2
13,9,372,0x1.21857cp-2
14,0,1014,0x1.854b3cp-2
14,1,1625,0x1.9488fcp-2
14,2,8679,0x1.9b23b4p-2
14,3,6045,0x1.9cdb5cp-2
14,4,6119,0x1.a27852p-2
14,5,7882,0x1.a2e6bcp-2
14,6,6994,0x1.a3b3a2p-2
14,7,9918,0x1.a43628p-2
14,8,2022,0x1.b030a8p-2
14,9,7874,0x1.b1c1ccp-2
15,0,5931,0x1.12ad24p-2
15,1,1866,0x1.1e45c4p-2
15,2,8875,0x1.2ab008p-2
15,3,7105,0x1.30c524p-2
15,4,2412,0x1.34618cp-2
15,5,3925,0x1.3643c4p-2
15,6,8429,0x1.3801a4p-2
15,7,3809,0x1.3ac10ap-2
15,8,7647,0x1.3b8204p-2
15,9,7103,0x1.3c3046p-2
16,0,7573,0x1.ee98cp-3
16,1,9259,0x1.f6280cp-3
16,2,7234,0x1.f95ecp-3
16,3,4288,0x1.016728p-2
16,4,5729,0x1.05f4f8p-2
16,5,5124,0x1.0de49ap-2
16,6,1955,0x1.1228acp-2
16,7,7264,0x1.1b671ep-2
16,8,9473,0x1.205a58p-2
16,9,6428,0x1.2061fep-2
17,0,6423,0x1.054e7p-2
17,1,251,0x1.0668c6p-2
17,2,4453,0x1.0c6758p-2
17,3,3051,0x1.0cce9p-2
17,4,9130,0x1.0fdcap-2
17,5,6470,0x1.1179eep-2
17,6,3744,0x1.11d07ep-2
17,7,1432,0x1.185a88p-2
17,8,7687,0x1.1a6f64p-2
17,9,2363,0x1.1c45c8p-2
18,0,997,0x1.16c2bap-2
18,1,7406,0x1.1870fp-2
18,2,4988,0x1.1d4368p-2
18,3,7171,0x1.29de88p-2
18,4,688,0x1.2b098ep-2
18,5,9165,0x1.2b4a9cp-2
18,6,3732,0x1.2bb25cp-2
18,7,2502,0x1.2f36b8p-2
18,8,2847,0x1.3039acp-2
18,9,7504,0x1.30ab5p-2
19,0,4976,0x1.8b38dep-3
19,1,724,0x1.ac543p-3
19,2,1971,0x1.b802aap-3
19,3,6539,0x1.c52058p-3
19,4,2158,0x1.d5a936p-3
19,5,2219,0x1.d6e4bp-3
19,6,918,0x1.dad39p-3
19,7,1484,0x1.e853dep-3
19,8,2340,0x1.ec2b68p-3
19,9,9740,0x1.f056e6p-3
20,0,251,0x1.2c52dep-2
20,1,6423,0x1.311ec4p-2
20,2,5428,0x1.31dc56p-2
20,3,9452,0x1.33c41cp-2
20,4,250,0x1.35ad84p-2
20,5,7313,0x1.4acbcep-2
20,6,1432,0x1.4d434p-2
20,7,8165,0x1.51e5fcp-2
20,8,8021,0x1.553934p-2
20,9,8577,0x1.5683b8p-2
21,0,1518,0x1.a00624p-3
21,1,6355,0x1.1ec67ep-2
21,2,5798,0x1.1f9b48p-2
21,3,7486,0x1.2b19bp-2
21,4,4441,0x1.2c2f1cp-2
21,5,2994,0x1.2c4f74p-2
21,6,7366,0x1.33e744p-2
21,7,8293,0x1.343c5cp-2
21,8,8423,0x1.3d3f9p-2
21,9,9715,0x1.40a59p-2
22,0,8814,0x1.0efc64p-2
22,1,1222,0x1.280c1ep-2
22,2,212,0x1.469ad8p-2
22,3,9032,0x1.48c91p-2
22,4,8930,0x1.5a468cp-2
22,5,7868,0x1.5c2088p-2
22,6,2163,0x1.641782p-2
22,7,6383,0x1.689c58p-2
22,8,8326,0x1.691504p-2
22,9,9245,0x1.693326p-2
23,0,8753,0x1.7925bep-2
23,1,3835,0x1.7fe464p-2
23,2,9718,0x1.8363dcp-2
23,3,4299,0x1.8607f4p-2
23,4,8881,0x1.90ebb6p-2
23,5,1265,0x1.927ebcp-2
23,6,2285,0x1.95bb5p-2
23,7,6088,0x1.9bfb42p-2
23,8,2833,0x1.a37c0ep-2
23,9,1229,0x1.a4112ep-2
24,0,1873,0x1.12eb3p-2
24,1,4260,0x1.24d62p-2
24,2,4810,0x1.3c62e8p-2
24,3,5355,0x1.3d9272p-2
24,4,264,0x1.41e374p-2
24,5,5385,0x1.46f922p-2
24,6,3438,0x1.4d07c4p-2
24,7,6201,0x1.4d8138p-2
24,8,8617,0x1.504758p-2
24,9,1112,0x1.51111p-2
25,0,8235,0x1.42e62cp-2
25,1,9047,0x1.46ccb8p-2
25,2,6186,0x1.47b2b4p-2
25,3,9418,0x1.51cc62p-2
25,4,3897,0x1.525436p-2
25,5,4778,0x1.54a538p-2
25,6,1532,0x1.557ccep-2
25,7,6302,0x1.59f168p-2
25,8,4916,0x1.5aa81ep-2
25,9,3994,0x1.5c15c8p-2
26,0,5424,0x1.eba9fep-3
26,1,7982,0x1.163c9p-2
26,2,9695,0x1.21c6e8p-2
26,3,3994,0x1.24683ap-2
26,4,7376,0x1.366d44p-2
26,5,5191,0x1.3a49bp-2
26,6,4763,0x1.3b61eap-2
26,7,4389,0x1.3d99dp-2
26,8,5433,0x1.440f7p-2
26,9,5310,0x1.4478bcp-2
27,0,5413,0x1.23cf2p-2
27,1,7082,0x1.3827f4p-2
27,2,2129,0x1.48c324p-2
27,3,2277,0x1.5229bep-2
27,4,4392,0x1.543a14p-2
27,5,8122,0x1.5482ep-2
27,6,6974,0x1.56565ep-2
27,7,7390,0x1.5985dep-2
27,8,8721,0x1.5af818p-2
27,9,8009,0x1.5c6b9cp-2
28,0,1501,0x1.487618p-2
28,1,8584,0x1.67c36ep-2
28,2,239,0x1.70fdp-2
28,3,3753,0x1.73d6fcp-2
28,4,5158,0x1.81c72cp-2
28,5,4161,0x1.8355a4p-2
28,6,2314,0x1.840518p-2
28,7,7803,0x1.8e0fb4p-2
28,8,4215,0x1.8e9f84p-2
28,9,7406,0x1.8ecbc8p-2
29,0,2204,0x1.6af8c2p-2
29,1,5685,0x1.7cd08cp-2
29,2,8716,0x1.8157acp-2
29,3,4153,0x1.8243dcp-2
29,4,6311,0x1.8461a6p-2
29,5,6943,0x1.86cc74p-2
29,6,3020,0x1.8aff6p-2
29,7,4291,0x1.8b8c14p-2
29,8,447,0x1.8c1eb4p-2
29,9,2212,0x1.8e1e46p-2
30,0,8843,0x1.6d13f4p-2
30,1,1900,0x1.72aca8p-2
30,2,8493,0x1.7de8f4p-2
30,3,6217,0x1.7e6b48p-2
30,4,9448,0x1.81f916p-2
30,5,9750,0x1.838678p-2
30,6,1938,0x1.845e74p-2
30,7,2304,0x1.85f816p-2
30,8,1341,0x1.8cb1ap-2
30,9,1499,0x1.8dd7e8p-2
31,0,9134,0x1.1fc6aep-2
31,1,7562,0x1.31647p-2
31,2,8666,0x1.3488e4p-2
31,3,8754,0x1.38c4d8p-2
31,4,3463,0x1.42b8d8p-2
31,5,9901,0x1.42dc34p-2
31,6,6310,0x1.4631fp-2
31,7,4731,0x1.4819a8p-2
31,8,3886,0x1.489cdep-2
31,9,2204,0x1.4b2f34p-2
32,0,1277,0x1.2c1c38p-2
32,1,8935,0x1.2d3cd6p-2
32,2,2639,0x1.32b944p-2
32,3,1083,0x1.4332cp-2
32,4,6662,0x1.43a3ep-2
32,5,9984,0x1.481b02p-2
32,6,1807,0x1.4f20d8p-2
32,7,250,0x1.4f73c4p-2
32,8,2470,0x1.50959ap-2
32,9,9397,0x1.50ed78p-2
33,0,6533,0x1.58bf1p-2
33,1,6804,0x1.5bfb02p-2
33,2,8539,0x1.5cde88p-2
33,3,7888,0x1.6426bp-2
33,4,4727,0x1.698acep-2
33,5,6455,0x1.6e013p-2
33,6,5436,0x1.6e1cdp-2
33,7,8842,0x1.6ef76cp-2
33,8,1252,0x1.71f1d8p-2
33,9,9765,0x1.740764p-2
34,0,1660,0x1.d298fp-3
34,1,2395,0x1.dd3b98p-3
34,2,1983,0x1.0c7f94p-2
34,3,4064,0x1.148586p-2
34,4,1807,0x1.14a16p-2
34,5,9787,0x1.1b20ep-2
34,6,3020,0x1.1b343ap-2
34,7,3505,0x1.1b6cc4p-2
34,8,5728,0x1.1c0208p-2
34,9,2003,0x1.1d93dp-2
35,0,9100,0x1.b1b2a2p-2
35,1,8879,0x1.b4d23cp-2
35,2,5817,0x1.b54a2cp-2
35,3,56,0x1.b82c2p-2
35,4,2518,0x1.ba5cfp-2
35,5,1469,0x1.c084a4p-2
35,6,9488,0x1.c0d0aap-2
35,7,5892,0x1.c3042p-2
35,8,4596,0x1.c63122p-2
35,9,5983,0x1.c670b8p-2
36,0,1660,0x1.f0bf88p-3
36,1,9539,0x1.0a022ap-2
36,2,9732,0x1.16a6cap-2
36,3,2006,0x1.1c00fcp-2
36,4,46,0x1.2846c8p-2
36,5,3020,0x1.305f6ap-2
36,6,8661,0x1.3078f6p-2
36,7,3505,0x1.41b7ap-2
36,8,4064,0x1.5b7852p-2
36,9,9787,0x1.5c60a4p-2
37,0,4454,0x1.32587p-2
37,1,930,0x1.52d1f2p-2
37,2,7420,0x1.5713cp-2
37,3,531,0x1.6804ep-2
37,4,6889,0x1.6cc8dcp-2
37,5,6807,0x1.7795b2p-2
37,6,4394,0x1.79d68ap-2
37,7,1557,0x1.819b78p-2
37,8,3367,0x1.8401ap-2
37,9,3016,0x1.865f24p-2
38,0,4468,0x1.506p-2
38,1,1268,0x1.67ca22p-2
38,2,2065,0x1.7ba1c2p-2
38,3,1490,0x1.842234p-2
38,4,8335,0x1.8c9ff8p-2
38,5,5679,0x1.9018ep-2
38,6,9501,0x1.9913fcp-2
38,7,1059,0x1.9ef39p-2
38,8,5140,0x1.a06228p-2
38,9,3446,0x1.a7bb1cp-2
39,0,5746,0x1.2a5654p-2
39,1,6166,0x1.42a058p-2
39,2,7027,0x1.43c0acp-2
39,3,1376,0x1.49dcp-2
39,4,2975,0x1.4d0642p-2
39,5,4185,0x1.4e892p-2
39,6,8888,0x1.4f328cp-2
39,7,517,0x1.51e298p-2
39,8,687,0x1.5200e6p-2
39,9,66,0x1.5d333ep-2
40,0,5982,0x1.38f87ap-3
40,1,2045,0x1.476e88p-3
40,2,1423,0x1.500c6ap-3
40,3,4446,0x1.6a1af8p-3
40,4,874,0x1.7b388p-3
40,5,1904,0x1.84ce74p-3
40,6,4211,0x1.8db0a4p-3
40,7,2324,0x1.9f6aaep-3
40,8,3016,0x1.a7934ep-3
40,9,6231,0x1.a7cd4ap-3
41,0,8457,0x1.bd259p-2
41,1,6906,0x1.c5ea12p-2
41,2,7982,0x1.d1536ep-2
41,3,2285,0x1.da31ecp-2
41,4,2188,0x1.dd9ec4p-2
41,5,2852,0x1.e5d354p-2
41,6,3662,0x1.e76102p-2
41,7,5186,0x1.ebb10cp-2
41,8,7155,0x1.ed3f74p-2
41,9,2391,0x1.ed6af8p-2
42,0,3751,0x1.123f8ep-2
42,1,3066,0x1.176bap-2
42,2,2342,0x1.1ebda6p-2
42,3,1083,0x1.307256p-2
42,4,918,0x1.36ef14p-2
42,5,3211,0x1.3a36b4p-2
42,6,9397,0x1.3ba65cp-2
42,7,1222,0x1.3bc7d4p-2
42,8,3094,0x1.3da98ap-2
42,9,7053,0x1.3dc7bcp-2
43,0,4570,0x1.3f15e4p-2
43,1,5580,0x1.4370ccp-2
43,2,9997,0x1.4a48ap-2
43,3,6629,0x1.4ab38cp-2
43,4,6423,0x1.4b4d1ep-2
43,5,3463,0x1.4e961cp-2
43,6,2003,0x1.5016e8p-2
43,7,7166,0x1.516b7cp-2
43,8,355,0x1.5468fp-2
43,9,4619,0x1.560abep-2
44,0,801,0x1.35a256p-3
44,1,697,0x1.f60234p-3
44,2,735,0x1.1d2f9p-2
44,3,3893,0x1.2102a6p-2
44,4,2751,0x1.30bedap-2
44,5,4770,0x1.338ae4p-2
44,6,5633,0x1.36c156p-2
44,7,8467,0x1.3b5f9cp-2
44,8,5336,0x1.3b7072p-2
44,9,9456,0x1.41e8bp-2
45,0,6096,0x1.2b2078p-2
45,1,4451,0x1.3a0f4ep-2
45,2,2905,0x1.3c195cp-2
45,3,5363,0x1.418ba8p-2
45,4,8255,0x1.47b004p-2
45,5,7262,0x1.4a078ap-2
45,6,4411,0x1.4d145p-2
45,7,7628,0x1.4e06fap-2
45,8,2455,0x1.510dcap-2
45,9,3632,0x1.514638p-2
46,0,1336,0x1.9d2426p-4
46,1,8503,0x1.333c74p-3
46,2,7349,0x1.ebba58p-3
46,3,4879,0x1.024fc8p-2
46,4,8873,0x1.14894cp-2
46,5,811,0x1.1f1c7p-2
46,6,6660,0x1.2ba1bap-2
46,7,6508,0x1.3854eap-2
46,8,2895,0x1.3ba6cp-2
46,9,5347,0x1.41b8cap-2
47,0,2050,0x1.845ebep-2
47,1,3879,0x1.851e7cp-2
47,2,3980,0x1.86ab4cp-2
47,3,1475,0x1.894a62p-2
47,4,6561,0x1.8ce5cap-2
47,5,3027,0x1.8e9f6ap-2
47,6,2077,0x1.8f4858p-2
47,7,4497,0x1.914076p-2
47,8,5004,0x1.9546e4p-2
47,9,4451,0x1.96cbcp-2
48,0,9636,0x1.7df59ep-2
48,1,7994,0x1.85ea2p-2
48,2,4552,0x1.9524aap-2
48,3,8801,0x1.9d21dp-2
48,4,8812,0x1.a35d56p-2
48,5,3475,0x1.a5ae56p-2
48,6,2719,0x1.a9097p-2
48,7,4959,0x1.a9f29cp-2
48,8,8638,0x1.ae267p-2
48,9,48,0x1.b054cep-2
49,0,8357,0x1.205394p-2
49,1,9787,0x1.22617ap-2
49,2,5678,0x1.332fap-2
49,3,6135,0x1.34567ep-2
49,4,6501,0x1.36e74cp-2
49,5,9364,0x1.37e954p-2
49,6,1532,0x1.3a670cp-2
49,7,6054,0x1.3b13e8p-2
49,8,1650,0x1.3bb588p-2
49,9,8662,0x1.3da438p-2
50,0,3397,0x1.2f9fe8p-2
50,1,2050,0x1.32609p-2
50,2,2763,0x1.3de6p-2
50,3,8339,0x1.409238p-2
50,4,4619,0x1.420678p-2
50,5,821,0x1.429474p-2
50,6,275,0x1.43f83ap-2
50,7,7155,0x1.45dd3p-2
50,8,8120,0x1.474ea8p-2
50,9,4531,0x1.4a7878p-2
51,0,4742,0x1.a9ac6p-2
51,1,9011,0x1.cb06e8p-2
51,2,2093,0x1.f566bcp-2
51,3,6577,0x1.f983f8p-2
51,4,5983,0x1.fc5938p-2
51,5,6038,0x1.fe8ff8p-2
51,6,47,0x1.ff130cp-2
51,7,4435,0x1.002f9ep-1
51,8,9311,0x1.00e484p-1
51,9,3108,0x1.0143fcp-1
52,0,9133,0x1.71b16cp-3
52,1,4240,0x1.a21728p-3
52,2,6439,0x1.a7e29p-3
52,3,5208,0x1.a8fdc8p-3
52,4,6616,0x1.bff17cp-3
52,5,4158,0x1.ca5b52p-3
52,6,4408,0x1.d1e63ap-3
52,7,4134,0x1.d7d16p-3
52,8,4831,0x1.e1085cp-3
52,9,888,0x1.fa88dep-3
53,0,9694,0x1.f82464p-3
53,1,2024,0x1.2ee5b6p-2
53,2,5729,0x1.32766cp-2
53,3,7817,0x1.405184p-2
53,4,8646,0x1.456bccp-2
53,5,8357,0x1.4a084cp-2
53,6,6135,0x1.4d399ep-2
53,7,3613,0x1.4df67cp-2
53,8,2104,0x1.4e6018p-2
53,9,6383,0x1.4fe07ep-2
54,0,7499,0x1.b17868p-3
54,1,412,0x1.d3daf8p-3
54,2,5703,0x1.ea9aap-3
54,3,9436,0x1.eb3ebap-3
54,4,5044,0x1.ebccd8p-3
54,5,2816,0x1.00a884p-2
54,6,9117,0x1.04e484p-2
54,7,8067,0x1.086dccp-2
54,8,6855,0x1.0a536ep-2
54,9,8678,0x1.0b70ccp-2
55,0,3120,0x1.635f78p-3
55,1,2845,0x1.77e39cp-3
55,2,4385,0x1.83ccfcp-3
55,3,983,0x1.85a9fcp-3
55,4,5795,0x1.92ce4ap-3
55,5,3436,0x1.97607p-3
55,6,4556,0x1.a1f1e4p-3
55,7,8530,0x1.a9dc24p-3
55,8,3252,0x1.ac3a5ep-3
55,9,5294,0x1.af71fcp-3
56,0,7865,0x1.1473f4p-2
56,1,6242,0x1.2c0a7ap-2
56,2,9410,0x1.3d7dcep-2
56,3,7351,0x1.3e9c88p-2
56,4,3090,0x1.434beep-2
56,5,6994,0x1.43c05cp-2
56,6,9188,0x1.48015p-2
56,7,8607,0x1.4801c2p-2
56,8,199,0x1.4bcaap-2
56,9,4199,0x1.4ca27ap-2
57,0,1677,0x1.3e98a4p-3
57,1,6974,0x1.496ba2p-3
57,2,2723,0x1.675604p-3
57,3,4977,0x1.7529bp-3
57,4,8754,0x1.81bf64p-3
57,5,5576,0x1.890814p-3
57,6,5462,0x1.898942p-3
57,7,8710,0x1.960a7p-3
57,8,4392,0x1.9c6ea4p-3
57,9,7254,0x1.a4b704p-3
58,0,1499,0x1.76c454p-2
58,1,3732,0x1.78d95p-2
58,2,515,0x1.7ed488p-2
58,3,7377,0x1.7fc1d8p-2
58,4,892,0x1.876ef8p-2
58,5,935,0x1.88fabcp-2
58,6,6876,0x1.8a3818p-2
58,7,3714,0x1.9204d4p-2
58,8,9924,0x1.98f8b2p-2
58,9,3361,0x1.9a69ecp-2
59,0,2313,0x1.38357p-2
59,1,5888,0x1.4ae88cp-2
59,2,6813,0x1.52b35p-2
59,3,4919,0x1.548c1cp-2
59,4,6008,0x1.55442p-2
59,5,8014,0x1.558bb8p-2
59,6,7397,0x1.582132p-2
59,7,7987,0x1.5b9e5p-2
59,8,1086,0x1.6098b8p-2
59,9,1578,0x1.625804p-2
60,0,9083,0x1.30cb96p-2
60,1,689,0x1.319e58p-2
60,2,4866,0x1.37d37ep-2
60,3,89,0x1.380a08p-2
60,4,441,0x1.40b148p-2
60,5,3431,0x1.4114ccp-2
60,6,7487,0x1.46172p-2
60,7,1677,0x1.46d18cp-2
60,8,7604,0x1.481d7ap-2
60,9,7400,0x1.485384p-2
61,0,4713,0x1.85474ep-3
61,1,7310,0x1.c2601cp-3
61,2,7935,0x1.dca878p-3
61,3,9361,0x1.e0459cp-3
61,4,1761,0x1.e2191ap-3
61,5,242,0x1.eb39f4p-3
61,6,930,0x1.eed408p-3
61,7,8869,0x1.f04034p-3
61,8,3395,0x1.f409f8p-3
61,9,9532,0x1.fc0c98p-3
62,0,1995,0x1.6e3a84p-2
62,1,4220,0x1.7da9eep-2
62,2,8316,0x1.852f92p-2
62,3,2077,0x1.8fb218p-2
62,4,6736,0x1.939746p-2
62,5,2249,0x1.96bab6p-2
62,6,5480,0x1.9e0bccp-2
62,7,4199,0x1.a12fc4p-2
62,8,6103,0x1.a6fdecp-2
62,9,3135,0x1.a74678p-2
63,0,6765,0x1.7fb1d4p-3
63,1,8327,0x1.0ac7d4p-2
63,2,7029,0x1.1c946ap-2
63,3,7197,0x1.2a374p-2
63,4,891,0x1.351d88p-2
63,5,9089,0x1.38157p-2
63,6,5085,0x1.3f1e9cp-2
63,7,6705,0x1.3f650cp-2
63,8,7592,0x1.43afc4p-2
63,9,2996,0x1.45cd98p-2
64,0,7817,0x1.3f61f2p-2
64,1,8662,0x1.44a21p-2
64,2,1905,0x1.47253p-2
64,3,1848,0x1.4be3ccp-2
64,4,1930,0x1.5506cp-2
64,5,6629,0x1.5a74dcp-2
64,6,2079,0x1.607bbcp-2
64,7,1698,0x1.63083cp-2
64,8,125,0x1.649804p-2
64,9,2813,0x1.64d394p-2
65,0,7356,0x1.177bbp-3
65,1,9457,0x1.c28d64p-3
65,2,8662,0x1.d36a26p-3
65,3,5077,0x1.e60114p-3
65,4,8490,0x1.00c2b6p-2
65,5,2346,0x1.00e2f4p-2
65,6,9347,0x1.08508p-2
65,7,6718,0x1.0a476p-2
65,8,6112,0x1.0c839ap-2
65,9,9322,0x1.0d5bfap-2
66,0,3237,0x1.42e48ep-2
66,1,7411,0x1.56c5dp-2
66,2,9500,0x1.58f4fp-2
66,3,1964,0x1.5a9418p-2
66,4,3598,0x1.5b5cap-2
66,5,2870,0x1.62ced4p-2
66,6,3996,0x1.64b288p-2
66,7,3915,0x1.6b2b38p-2
66,8,3729,0x1.6bd764p-2
66,9,559,0x1.6bdd2cp-2
67,0,3835,0x1.436924p-2
67,1,2171,0x1.5ad8cp-2
67,2,1265,0x1.614106p-2
67,3,6141,0x1.6c0feap-2
67,4,5216,0x1.6f3b0ep-2
67,5,4112,0x1.7054a4p-2
67,6,284,0x1.71639cp-2
67,7,2894,0x1.73c5bep-2
67,8,2151,0x1.74ddcp-2
67,9,2833,0x1.75f8ccp-2
68,0,3269,0x1.222dc4p-2
68,1,4264,0x1.3b4e8cp-2
68,2,1452,0x1.529a9p-2
68,3,699,0x1.559bcp-2
68,4,2360,0x1.5bcee8p-2
68,5,7589,0x1.5fcfb8p-2
68,6,6139,0x1.60299cp-2
68,7,5092,0x1.632df4p-2
68,8,6520,0x1.663ef6p-2
68,9,604,0x1.66a866p-2
69,0,5868,0x1.7b3a28p-2
69,1,2340,0x1.84965ep-2
69,2,9268,0x1.a59f7p-2
69,3,6699,0x1.a77666p-2
69,4,7188,0x1.a7d9a8p-2
69,5,1932,0x1.a9371p-2
69,6,5377,0x1.ad27c4p-2
69,7,7970,0x1.af48a4p-2
69,8,724,0x1.b04898p-2
69,9,925,0x1.b07896p-2
70,0,8817,0x1.4634acp-2
70,1,1938,0x1.54fa74p-2
70,2,6384,0x1.5733b2p-2
70,3,3406,0x1.5b7826p-2
70,4,6112,0x1.5c464cp-2
70,5,1952,0x1.620dd8p-2
70,6,9322,0x1.625974p-2
70,7,8755,0x1.6ac4cp-2
70,8,8662,0x1.6ca702p-2
70,9,5255,0x1.6de55ep-2
71,0,5720,0x1.c10b68p-3
71,1,2761,0x1.cbc88cp-3
71,2,9599,0x1.ebe19cp-3
71,3,2669,0x1.012cp-2
71,4,2020,0x1.0c5ebep-2
71,5,3592,0x1.118ebp-2
71,6,9787,0x1.13e6dcp-2
71,7,8206,0x1.15061p-2
71,8,5026,0x1.17bf6p-2
71,9,6207,0x1.1a7644p-2
72,0,7187,0x1.760658p-2
72,1,2100,0x1.7c95dcp-2
72,2,783,0x1.7e6a28p-2
72,3,1717,0x1.7f7bcap-2
72,4,8935,0x1.8175fep-2
72,5,7556,0x1.83eb2p-2
72,6,9742,0x1.873bb4p-2
72,7,4886,0x1.8a3c78p-2
72,8,1139,0x1.938084p-2
72,9,3262,0x1.94028p-2
73,0,4531,0x1.018b02p-2
73,1,9130,0x1.32d318p-2
73,2,3671,0x1.3e8af8p-2
73,3,9134,0x1.4223fp-2
73,4,4804,0x1.443edap-2
73,5,3886,0x1.4df098p-2
73,6,8666,0x1.517292p-2
73,7,8577,0x1.53786p-2
73,8,2466,0x1.568312p-2
73,9,1351,0x1.57c4f6p-2
74,0,1408,0x1.4551a6p-2
74,1,8307,0x1.473cep-2
74,2,8260,0x1.496dap-2
74,3,389,0x1.4fbf84p-2
74,4,1097,0x1.51d446p-2
74,5,2305,0x1.52c398p-2
74,6,3479,0x1.572fb8p-2
74,7,8513,0x1.573d42p-2
74,8,1750,0x1.59f92p-2
74,9,8499,0x1.5c2e8p-2
75,0,1233,0x1.281e9cp-2
75,1,9972,0x1.2e19ecp-2
75,2,210,0x1.33d3e8p-2
75,3,9795,0x1.3791d4p-2
75,4,5299,0x1.3d415p-2
75,5,8039,0x1.3e8c34p-2
75,6,6999,0x1.4364dp-2
75,7,6291,0x1.47c498p-2
75,8,9861,0x1.579bc8p-2
75,9,3763,0x1.5afcp-2
76,0,7123,0x1.735fd8p-2
76,1,1677,0x1.7803c2p-2
76,2,7776,0x1.86fd66p-2
76,3,89,0x1.8b4p-2
76,4,7313,0x1.8caef4p-2
76,5,1722,0x1.93dd12p-2
76,6,2204,0x1.a22c44p-2
76,7,2838,0x1.a7fc74p-2
76,8,6246,0x1.a81732p-2
76,9,4392,0x1.a87ba2p-2
77,0,7279,0x1.2593e2p-2
77,1,9038,0x1.30b3fp-2
77,2,616,0x1.3410b6p-2
77,3,8956,0x1.384fep-2
77,4,2920,0x1.45628p-2
77,5,5591,0x1.45a488p-2
77,6,8064,0x1.46038cp-2
77,7,8699,0x1.59ad5cp-2
77,8,4726,0x1.619fa6p-2
77,9,8917,0x1.643494p-2
78,0,7103,0x1.85a8fap-2
78,1,2931,0x1.8bbc4cp-2
78,2,8274,0x1.8bf03cp-2
78,3,9695,0x1.90a768p-2
78,4,974,0x1.93c43cp-2
78,5,2450,0x1.9f492ep-2
78,6,8262,0x1.a7af38p-2
78,7,5356,0x1.afb9d4p-2
78,8,334,0x1.b2685p-2
78,9,8364,0x1.b3b7aap-2
79,0,5142,0x1.4dcc74p-2
79,1,8898,0x1.64ec9p-2
79,2,4285,0x1.6c645p-2
79,3,5883,0x1.73e5bap-2
79,4,393,0x1.7531e4p-2
79,5,9694,0x1.8cb3d6p-2
79,6,4625,0x1.8cfeb4p-2
79,7,2376,0x1.8f732p-2
79,8,139,0x1.91a5d8p-2
79,9,4604,0x1.968f8cp-2
80,0,7877,0x1.8b1b0ap-2
80,1,6930,0x1.97f4a8p-2
80,2,585,0x1.a3eddcp-2
80,3,4,0x1.ae0974p-2
80,4,4763,0x1.ae5f8cp-2
80,5,2808,0x1.b15cc4p-2
80,6,2003,0x1.b25962p-2
80,7,3728,0x1.b2eb94p-2
80,8,7018,0x1.b57d9p-2
80,9,5364,0x1.b7f814p-2
81,0,922,0x1.9af484p-3
81,1,3489,0x1.3d0fb4p-2
81,2,1713,0x1.460cccp-2
81,3,6994,0x1.568246p-2
81,4,4831,0x1.571f32p-2
81,5,5300,0x1.58ae6cp-2
81,6,3972,0x1.64136ap-2
81,7,9543,0x1.64312cp-2
81,8,4896,0x1.664a0cp-2
81,9,4099,0x1.6ba094p-2
82,0,4946,0x1.477194p-2
82,1,1552,0x1.5828fap-2
82,2,6906,0x1.610a7cp-2
82,3,5579,0x1.61f68ep-2
82,4,9564,0x1.66509ep-2
82,5,2249,0x1.670724p-2
82,6,6500,0x1.67e28p-2
82,7,3980,0x1.6b2026p-2
82,8,3397,0x1.6bcde4p-2
82,9,5495,0x1.6c7c88p-2
83,0,4389,0x1.1ca124p-2
83,1,8380,0x1.32c62cp-2
83,2,5424,0x1.5559b4p-2
83,3,7891,0x1.5bcffp-2
83,4,9440,0x1.5cb10ep-2
83,5,5763,0x1.5cc324p-2
83,6,5729,0x1.6510ap-2
83,7,3690,0x1.6bda3ep-2
83,8,9047,0x1.6f58ep-2
83,9,8539,0x1.706294p-2
84,0,9814,0x1.1c27fcp-2
84,1,9981,0x1.1f9754p-2
84,2,8429,0x1.2e277p-2
84,3,3617,0x1.355bf8p-2
84,4,989,0x1.3728e8p-2
84,5,533,0x1.37a2fp-2
84,6,7749,0x1.3e763ep-2
84,7,2605,0x1.3fdbdcp-2
84,8,7413,0x1.40380ap-2
84,9,1266,0x1.447808p-2
85,0,811,0x1.cee18cp-3
85,1,6662,0x1.03fb68p-2
85,2,5497,0x1.1708f8p-2
85,3,8353,0x1.191684p-2
85,4,9906,0x1.19e418p-2
85,5,4639,0x1.1a085p-2
85,6,3451,0x1.1a7d78p-2
85,7,1930,0x1.1c127p-2
85,8,3760,0x1.1e3358p-2
85,9,1585,0x1.1e529cp-2
86,0,9209,0x1.39d6e8p-3
86,1,4843,0x1.3ed71p-3
86,2,3158,0x1.6ca3ep-3
86,3,812,0x1.a0db8p-3
86,4,9810,0x1.d6fc1p-3
86,5,667,0x1.dad7ap-3
86,6,6331,0x1.e2aedp-3
86,7,712,0x1.e4d834p-3
86,8,9174,0x1.eff1bcp-3
86,9,4728,0x1.f23aa8p-3
87,0,3380,0x1.22a5ccp-2
87,1,9471,0x1.328f38p-2
87,2,242,0x1.340c54p-2
87,3,1317,0x1.45c076p-2
87,4,376,0x1.4a3424p-2
87,5,7029,0x1.4b8ee4p-2
87,6,3871,0x1.526594p-2
87,7,9842,0x1.5429dcp-2
87,8,6222,0x1.6abc64p-2
87,9,3692,0x1.6c4af8p-2
88,0,9909,0x1.6109e6p-2
88,1,3020,0x1.812bap-2
88,2,795,0x1.8c9b2ap-2
88,3,8155,0x1.8e1bc4p-2
88,4,8449,0x1.91057ep-2
88,5,4532,0x1.913a16p-2
88,6,46,0x1.9549c4p-2
88,7,9636,0x1.a21c78p-2
88,8,2107,0x1.a42d6cp-2
88,9,9539,0x1.a5a484p-2
89,0,8855,0x1.51b0a2p-3
89,1,2644,0x1.53a078p-3
89,2,5917,0x1.98ca04p-3
89,3,811,0x1.a746e4p-3
89,4,3226,0x1.a9ec1ep-3
89,5,5931,0x1.b4419cp-3
89,6,6594,0x1.b8c15ep-3
89,7,3463,0x1.bae8f6p-3
89,8,6551,0x1.bb4534p-3
89,9,862,0x1.c02e88p-3
90,0,236,0x1.d284b4p-3
90,1,4856,0x1.0eb8f8p-2
90,2,7285,0x1.108638p-2
90,3,3453,0x1.1d17p-2
90,4,306,0x1.267fd6p-2
90,5,9191,0x1.272d24p-2
90,6,6221,0x1.2b835p-2
90,7,5688,0x1.2bc5dep-2
90,8,6718,0x1.2cff5ap-2
90,9,1844,0x1.2f55cp-2
91,0,3123,0x1.f070ap-3
91,1,7460,0x1.1e3be4p-2
91,2,918,0x1.2a0de6p-2
91,3,8429,0x1.2f129p-2
91,4,7452,0x1.330044p-2
91,5,8067,0x1.35baa8p-2
91,6,5327,0x1.3770a4p-2
91,7,6177,0x1.3dc994p-2
91,8,9463,0x1.42c8dep-2
91,9,4440,0x1.439b84p-2
92,0,4854,0x1.02571p-2
92,1,3197,0x1.127682p-2
92,2,90,0x1.1e7bfp-2
92,3,9805,0x1.22bfcep-2
92,4,8031,0x1.409644p-2
92,5,8357,0x1.497efcp-2
92,6,2097,0x1.49c904p-2
92,7,8911,0x1.4f2906p-2
92,8,1981,0x1.502888p-2
92,9,7631,0x1.5193acp-2
93,0,6879,0x1.2e62aap-2
93,1,9045,0x1.57262p-2
93,2,4189,0x1.57d76cp-2
93,3,3672,0x1.5c929p-2
93,4,8143,0x1.5ca60ap-2
93,5,1750,0x1.5d431cp-2
93,6,3643,0x1.60fe24p-2
93,7,9195,0x1.611f7ep-2
93,8,1960,0x1.6167aep-2
93,9,4327,0x1.62f48p-2
94,0,9387,0x1.3160b4p-2
94,1,6221,0x1.343c68p-2
94,2,7053,0x1.3487a8p-2
94,3,7798,0x1.4b8ab8p-2
94,4,2220,0x1.51dc12p-2
94,5,5675,0x1.55f3bp-2
94,6,4554,0x1.564e94p-2
94,7,8353,0x1.5a0d3p-2
94,8,6629,0x1.5a81d6p-2
94,9,4288,0x1.5ee472p-2
95,0,7842,0x1.102808p-2
95,1,8812,0x1.2d6208p-2
95,2,4000,0x1.3c6ba4p-2
95,3,3989,0x1.45e738p-2
95,4,3963,0x1.4631ecp-2
95,5,9125,0x1.4bfec8p-2
95,6,6644,0x1.4ca21ep-2
95,7,375,0x1.4dbbe4p-2
95,8,9174,0x1.4feaf4p-2
95,9,2213,0x1.525772p-2
96,0,117,0x1.7641b8p-3
96,1,7097,0x1.9012f4p-3
96,2,8887,0x1.91970ep-3
96,3,2722,0x1.95a79ap-3
96,4,5294,0x1.962cdcp-3
96,5,9420,0x1.aa6054p-3
96,6,9780,0x1.aaf32ap-3
96,7,1088,0x1.adea96p-3
96,8,1252,0x1.afc408p-3
96,9,2845,0x1.b3091p-3
97,0,8357,0x1.ffd08p-3
97,1,4051,0x1.086d14p-2
97,2,8196,0x1.1000e2p-2
97,3,9095,0x1.10572p-2
97,4,1981,0x1.14266ep-2
97,5,7968,0x1.181c68p-2
97,6,9351,0x1.192d44p-2
97,7,4854,0x1.195ef4p-2
97,8,8973,0x1.234aa6p-2
97,9,1145,0x1.2613e4p-2
98,0,1203,0x1.f7846cp-3
98,1,9728,0x1.ffbe4cp-3
98,2,4749,0x1.00225p-2
98,3,4038,0x1.00498p-2
98,4,1693,0x1.033bc2p-2
98,5,2450,0x1.0775d4p-2
98,6,5356,0x1.08e8fp-2
98,7,8429,0x1.0905a2p-2
98,8,4814,0x1.0eea78p-2
98,9,9119,0x1.0fac88p-2
99,0,9390,0x1.62dbe4p-2
99,1,5672,0x1.6aa65p-2
99,2,1359,0x1.6b703p-2
99,3,7768,0x1.724f7cp-2
99,4,2808,0x1.74cep-2
99,5,7487,0x1.7f254cp-2
99,6,9370,0x1.825fb4p-2
99,7,1476,0x1.840e7p-2
99,8,1838,0x1.86f37cp-2
99,9,1769,0x1.8e3784p-2
