cycle,id,common_queries,k,before_hits,remove_hits,add_hits,before_edges,remove_edges,add_edges,remove_dropped,remove_added,add_dropped,add_added
0,0,100,10,960,960,960,159943,159984,159979,0,41,5,0
1,8191,100,10,960,960,960,159980,159984,159983,0,4,1,0
10,1910,100,10,960,960,960,159974,159984,159981,0,10,3,0
97,4527,100,10,960,960,960,159983,159984,159983,2,3,1,0
100,9100,99,10,951,951,951,159967,159984,159981,0,17,3,0
500,5500,100,10,958,958,958,159983,159984,159983,0,1,1,0
1000,1000,100,10,957,957,957,159964,159984,159982,1,21,2,0
2000,2000,100,10,956,956,956,159983,159984,159983,0,1,1,0
5000,5000,100,10,947,947,947,159941,159984,159978,1,44,6,0
9999,1809,100,10,931,930,931,159970,159984,159982,0,14,2,0
