query_event,query,latency_us
0,0,299.552000
1,1,291.024000
2,2,287.723000
3,3,213.065000
4,4,318.182000
5,5,349.981000
6,6,261.134000
7,7,260.302000
8,8,308.733000
9,9,298.053000
10,10,339.371000
11,11,268.384000
12,12,309.143000
13,13,366.581000
14,14,325.923000
15,15,322.512000
16,16,295.054000
17,17,220.985000
18,18,362.121000
19,19,251.705000
20,20,297.873000
21,21,270.803000
22,22,230.336000
23,23,313.752000
24,24,302.104000
25,25,310.743000
26,26,323.422000
27,27,300.113000
28,28,268.834000
29,29,193.144000
30,30,303.432000
31,31,353.122000
32,32,306.302000
33,33,350.061000
34,34,341.302000
35,35,357.271000
36,36,349.021000
37,37,358.012000
38,38,329.054000
39,39,310.692000
40,40,365.842000
41,41,282.045000
42,42,307.582000
43,43,330.052000
44,44,313.483000
45,45,305.083000
46,46,328.363000
47,47,390.471000
48,48,417.350000
49,49,264.314000
50,50,356.742000
51,51,326.271000
52,52,342.001000
53,53,346.813000
54,54,234.164000
55,55,276.213000
56,56,285.903000
57,57,298.003000
58,58,377.961000
59,59,237.253000
60,60,283.573000
61,61,278.493000
62,62,252.473000
63,63,303.393000
64,64,261.182000
65,65,266.934000
66,66,282.913000
67,67,256.004000
68,68,287.694000
69,69,333.252000
70,70,191.476000
71,71,249.954000
72,72,369.021000
73,73,328.214000
74,74,312.144000
75,75,358.751000
76,76,304.312000
77,77,317.292000
78,78,377.050000
79,79,246.893000
80,80,350.622000
81,81,380.982000
82,82,375.851000
83,83,344.862000
84,84,361.671000
85,85,293.733000
86,86,263.973000
87,87,225.105000
88,88,229.615000
89,89,265.124000
90,90,171.857000
91,91,322.101000
92,92,342.892000
93,93,324.882000
94,94,260.054000
95,95,351.381000
96,96,371.331000
97,97,322.033000
98,98,205.795000
99,99,334.112000
100,0,349.932000
101,1,292.862000
102,2,305.563000
103,3,206.725000
104,4,334.211000
105,5,385.421000
106,6,313.064000
107,7,287.142000
108,8,358.251000
109,9,312.702000
110,10,370.302000
111,11,263.714000
112,12,334.282000
113,13,303.193000
114,14,358.063000
115,15,313.552000
116,16,297.253000
117,17,275.664000
118,18,367.882000
119,19,236.984000
120,20,277.015000
121,21,267.224000
122,22,217.705000
123,23,331.882000
124,24,321.133000
125,25,320.152000
126,26,319.323000
127,27,310.113000
128,28,309.712000
129,29,194.125000
130,30,335.042000
131,31,359.481000
132,32,287.373000
133,33,329.691000
134,34,304.412000
135,35,419.900000
136,36,409.700000
137,37,358.171000
138,38,328.692000
139,39,291.793000
140,40,382.170000
141,41,241.974000
142,42,345.513000
143,43,364.811000
144,44,314.352000
145,45,366.301000
146,46,327.862000
147,47,439.940000
148,48,349.192000
149,49,230.964000
150,50,341.772000
151,51,320.392000
152,52,309.824000
153,53,321.992000
154,54,221.314000
155,55,244.864000
156,56,264.313000
157,57,301.743000
158,58,383.931000
159,59,232.675000
160,60,322.643000
161,61,257.424000
162,62,262.493000
163,63,240.415000
164,64,246.745000
165,65,290.883000
166,66,278.423000
167,67,299.384000
168,68,259.695000
169,69,322.704000
170,70,205.845000
171,71,268.163000
172,72,379.891000
173,73,386.031000
174,74,275.343000
175,75,382.102000
176,76,301.533000
177,77,375.681000
178,78,340.402000
179,79,253.394000
180,80,364.911000
181,81,387.680000
182,82,349.473000
183,83,327.082000
184,84,338.152000
185,85,297.363000
186,86,240.924000
187,87,245.714000
188,88,261.994000
189,89,279.304000
190,90,218.325000
191,91,311.232000
192,92,350.891000
193,93,292.892000
194,94,287.384000
195,95,359.012000
196,96,375.491000
197,97,351.512000
198,98,205.985000
199,99,383.791000
