query_event,query,latency_us,hits,returned_count
0,0,503.577000,10,10
1,1,427.769000,10,10
2,2,397.121000,10,10
3,3,379.920000,9,10
4,4,383.341000,8,10
5,5,386.551000,10,10
6,6,329.421000,10,10
7,7,368.811000,10,10
8,8,352.632000,10,10
9,9,305.192000,10,10
10,10,317.393000,10,10
11,11,321.402000,10,10
12,12,277.864000,10,10
13,13,355.212000,10,10
14,14,309.342000,10,10
15,15,371.301000,8,10
16,16,341.042000,8,10
17,17,312.182000,10,10
18,18,265.033000,10,10
19,19,313.073000,10,10
20,20,296.284000,10,10
21,21,333.561000,9,10
22,22,323.792000,10,10
23,23,271.574000,10,10
24,24,344.111000,10,10
25,25,336.672000,10,10
26,26,340.102000,10,10
27,27,310.692000,9,10
28,28,300.973000,9,10
29,29,289.213000,10,10
30,30,311.022000,9,10
31,31,304.633000,10,10
32,32,290.944000,10,10
33,33,346.552000,9,10
34,34,348.751000,10,10
35,35,331.901000,9,10
36,36,302.374000,10,10
37,37,328.582000,9,10
38,38,346.502000,10,10
39,39,292.124000,10,10
40,40,328.883000,10,10
41,41,323.723000,10,10
42,42,269.244000,9,10
43,43,307.473000,10,10
44,44,248.185000,10,10
45,45,257.194000,10,10
46,46,328.572000,9,10
47,47,255.644000,10,10
48,48,300.774000,10,10
49,49,292.014000,10,10
50,50,283.043000,10,10
51,51,294.653000,10,10
52,52,276.963000,10,10
53,53,315.702000,10,10
54,54,269.004000,10,10
55,55,296.662000,9,10
56,56,241.494000,10,10
57,57,385.621000,7,10
58,58,240.434000,10,10
59,59,338.142000,7,10
60,60,278.933000,10,10
61,61,305.824000,10,10
62,62,320.941000,10,10
63,63,262.634000,10,10
64,64,316.973000,9,10
65,65,330.161000,6,10
66,66,291.352000,9,10
67,67,322.913000,10,10
68,68,271.304000,10,10
69,69,336.012000,10,10
70,70,252.254000,10,10
71,71,276.144000,10,10
72,72,308.522000,8,10
73,73,297.863000,9,10
74,74,262.984000,9,10
75,75,286.874000,10,10
76,76,312.381000,10,10
77,77,305.043000,8,10
78,78,307.223000,10,10
79,79,333.583000,10,10
80,80,273.754000,10,10
81,81,351.561000,10,10
82,82,258.114000,10,10
83,83,338.971000,10,10
84,84,345.361000,9,10
85,85,324.323000,10,10
86,86,323.992000,9,10
87,87,313.823000,10,10
88,88,265.114000,9,10
89,89,332.641000,10,10
90,90,346.192000,9,10
91,91,289.674000,9,10
92,92,370.721000,10,10
93,93,344.712000,10,10
94,94,294.074000,10,10
95,95,384.681000,8,10
96,96,288.813000,6,10
97,97,338.102000,10,10
98,98,286.492000,9,10
99,99,288.134000,10,10
100,100,312.373000,9,10
101,101,282.003000,10,10
102,102,322.522000,7,10
103,103,289.794000,10,10
104,104,308.102000,10,10
105,105,338.892000,9,10
106,106,284.734000,10,10
107,107,327.763000,10,10
108,108,282.264000,10,10
109,109,326.822000,10,10
110,110,302.742000,10,10
111,111,318.814000,10,10
112,112,211.856000,10,10
113,113,262.914000,10,10
114,114,331.651000,10,10
115,115,305.003000,10,10
116,116,268.154000,10,10
117,117,280.544000,10,10
118,118,388.860000,9,10
119,119,342.021000,10,10
120,120,331.364000,10,10
121,121,327.642000,10,10
122,122,298.554000,10,10
123,123,316.112000,10,10
124,124,329.232000,9,10
125,125,309.342000,10,10
126,126,292.473000,9,10
127,127,329.683000,10,10
128,128,283.474000,10,10
129,129,296.734000,7,10
130,130,328.522000,9,10
131,131,309.852000,10,10
132,132,301.972000,8,10
133,133,326.291000,7,10
134,134,328.901000,10,10
135,135,295.043000,10,10
136,136,293.242000,10,10
137,137,298.773000,10,10
138,138,324.252000,10,10
139,139,326.232000,10,10
140,140,309.792000,9,10
141,141,308.364000,10,10
142,142,287.183000,10,10
143,143,319.152000,10,10
144,144,296.204000,10,10
145,145,309.873000,8,10
146,146,317.802000,8,10
147,147,331.772000,9,10
148,148,346.722000,9,10
149,149,271.513000,10,10
150,150,200.315000,10,10
151,151,219.204000,10,10
152,152,339.733000,8,10
153,153,300.421000,8,10
154,154,345.861000,10,10
155,155,330.652000,10,10
156,156,317.823000,10,10
157,157,326.764000,9,10
158,158,351.001000,8,10
159,159,338.402000,10,10
160,160,313.024000,10,10
161,161,307.293000,10,10
162,162,283.373000,10,10
163,163,331.533000,9,10
164,164,283.643000,10,10
165,165,326.763000,10,10
166,166,313.463000,9,10
167,167,332.582000,10,10
168,168,302.573000,9,10
169,169,339.432000,9,10
170,170,278.383000,10,10
171,171,377.380000,8,10
172,172,333.163000,9,10
173,173,317.803000,10,10
174,174,326.302000,10,10
175,175,267.403000,10,10
176,176,324.953000,8,10
177,177,327.752000,10,10
178,178,357.012000,8,10
179,179,288.853000,10,10
180,180,323.662000,9,10
181,181,314.334000,10,10
182,182,300.771000,10,10
183,183,315.893000,10,10
184,184,317.502000,9,10
185,185,367.991000,10,10
186,186,255.833000,10,10
187,187,358.391000,9,10
188,188,333.881000,10,10
189,189,281.423000,10,10
190,190,329.092000,10,10
191,191,319.694000,10,10
192,192,363.490000,10,10
193,193,308.064000,10,10
194,194,254.364000,10,10
195,195,353.683000,10,10
196,196,266.504000,10,10
197,197,346.842000,9,10
198,198,341.561000,10,10
199,199,347.952000,10,10
200,200,331.291000,9,10
201,201,277.975000,10,10
202,202,238.235000,10,10
203,203,361.391000,9,10
204,204,300.133000,10,10
205,205,317.024000,9,10
206,206,344.233000,10,10
207,207,282.223000,8,10
208,208,318.424000,10,10
209,209,267.994000,10,10
210,210,278.854000,10,10
211,211,317.232000,8,10
212,212,311.473000,10,10
213,213,288.203000,10,10
214,214,273.293000,10,10
215,215,326.782000,10,10
216,216,355.201000,7,10
217,217,314.863000,10,10
218,218,285.024000,10,10
219,219,332.222000,9,10
220,220,297.373000,9,10
221,221,302.714000,9,10
222,222,299.793000,10,10
223,223,271.314000,9,10
224,224,279.112000,10,10
225,225,308.823000,10,10
226,226,296.574000,10,10
227,227,217.335000,10,10
228,228,293.092000,9,10
229,229,281.214000,10,10
230,230,278.383000,10,10
231,231,251.635000,10,10
232,232,300.514000,9,10
233,233,340.863000,10,10
234,234,306.224000,10,10
235,235,344.241000,7,10
236,236,292.463000,9,10
237,237,253.145000,10,10
238,238,334.893000,10,10
239,239,258.024000,10,10
240,240,304.964000,10,10
241,241,294.153000,10,10
242,242,264.864000,10,10
243,243,282.744000,10,10
244,244,299.632000,10,10
245,245,316.403000,10,10
246,246,342.462000,10,10
247,247,294.562000,10,10
248,248,309.723000,9,10
249,249,330.822000,10,10
250,250,324.881000,10,10
251,251,304.252000,8,10
252,252,272.575000,10,10
253,253,229.954000,10,10
254,254,302.103000,10,10
255,255,294.032000,10,10
256,256,302.484000,10,10
257,257,230.454000,10,10
258,258,205.945000,10,10
259,259,336.463000,9,10
260,260,259.154000,10,10
261,261,326.452000,10,10
262,262,386.822000,10,10
263,263,322.432000,7,10
264,264,271.482000,10,10
265,265,309.344000,10,10
266,266,294.084000,9,10
267,267,293.613000,9,10
268,268,296.393000,10,10
269,269,291.053000,10,10
270,270,265.092000,10,10
271,271,323.582000,10,10
272,272,300.523000,10,10
273,273,271.514000,9,10
274,274,294.773000,10,10
275,275,276.583000,9,10
276,276,306.153000,10,10
277,277,331.302000,8,10
278,278,301.494000,10,10
279,279,287.913000,9,10
280,280,336.492000,9,10
281,281,284.813000,8,10
282,282,281.293000,9,10
283,283,250.474000,10,10
284,284,313.282000,10,10
285,285,309.224000,9,10
286,286,294.503000,10,10
287,287,294.764000,10,10
288,288,292.633000,10,10
289,289,314.662000,9,10
290,290,309.643000,10,10
291,291,295.012000,10,10
292,292,243.685000,10,10
293,293,322.512000,10,10
294,294,331.854000,10,10
295,295,338.151000,9,10
296,296,276.634000,9,10
297,297,290.904000,10,10
298,298,289.153000,10,10
299,299,258.183000,10,10
300,300,298.832000,10,10
301,301,275.093000,10,10
302,302,327.343000,9,10
303,303,294.883000,10,10
304,304,279.833000,10,10
305,305,289.123000,10,10
306,306,312.412000,10,10
307,307,299.643000,10,10
308,308,290.693000,10,10
309,309,303.283000,10,10
310,310,314.341000,8,10
311,311,303.193000,10,10
312,312,300.624000,10,10
313,313,314.892000,10,10
314,314,280.913000,10,10
315,315,290.563000,10,10
316,316,268.804000,10,10
317,317,305.102000,10,10
318,318,291.205000,10,10
319,319,306.673000,10,10
320,320,192.955000,10,10
321,321,315.313000,9,10
322,322,359.082000,7,10
323,323,285.763000,10,10
324,324,287.034000,10,10
325,325,302.462000,10,10
326,326,291.263000,9,10
327,327,318.493000,10,10
328,328,297.124000,10,10
329,329,273.784000,10,10
330,330,276.264000,10,10
331,331,314.673000,10,10
332,332,239.934000,10,10
333,333,318.443000,10,10
334,334,304.083000,10,10
335,335,312.613000,9,10
336,336,273.124000,9,10
337,337,299.973000,10,10
338,338,338.851000,5,10
339,339,261.953000,10,10
340,340,326.054000,7,10
341,341,302.523000,10,10
342,342,283.662000,9,10
343,343,321.043000,8,10
344,344,292.784000,10,10
345,345,301.014000,10,10
346,346,302.112000,10,10
347,347,271.164000,10,10
348,348,313.393000,10,10
349,349,286.334000,10,10
350,350,329.243000,9,10
351,351,293.574000,10,10
352,352,286.624000,10,10
353,353,270.704000,10,10
354,354,342.411000,10,10
355,355,301.984000,10,10
356,356,308.554000,10,10
357,357,288.713000,10,10
358,358,322.442000,10,10
359,359,327.931000,10,10
360,360,312.833000,8,10
361,361,249.284000,10,10
362,362,287.054000,10,10
363,363,266.074000,10,10
364,364,306.773000,10,10
365,365,298.504000,10,10
366,366,273.104000,9,10
367,367,286.263000,7,10
368,368,301.824000,10,10
369,369,261.102000,9,10
370,370,262.444000,10,10
371,371,303.433000,8,10
372,372,240.045000,10,10
373,373,319.522000,10,10
374,374,303.433000,5,10
375,375,287.292000,10,10
376,376,313.343000,8,10
377,377,282.822000,10,10
378,378,280.423000,10,10
379,379,287.273000,10,10
380,380,297.214000,10,10
381,381,327.742000,6,10
382,382,278.753000,10,10
383,383,278.002000,10,10
384,384,282.194000,10,10
385,385,308.053000,10,10
386,386,299.034000,9,10
387,387,278.574000,10,10
388,388,279.892000,10,10
389,389,290.374000,9,10
390,390,227.924000,10,10
391,391,288.354000,10,10
392,392,308.043000,10,10
393,393,337.241000,9,10
394,394,282.703000,10,10
395,395,326.743000,6,10
396,396,280.763000,9,10
397,397,331.602000,8,10
398,398,292.653000,9,10
399,399,279.674000,10,10
400,400,271.723000,9,10
401,401,293.722000,9,10
402,402,312.314000,10,10
403,403,324.803000,7,10
404,404,269.724000,10,10
405,405,311.883000,10,10
406,406,291.863000,10,10
407,407,271.204000,10,10
408,408,317.763000,10,10
409,409,321.752000,9,10
410,410,310.052000,9,10
411,411,385.800000,9,10
412,412,309.993000,10,10
413,413,323.743000,9,10
414,414,287.232000,10,10
415,415,262.015000,10,10
416,416,282.274000,10,10
417,417,243.305000,10,10
418,418,287.614000,10,10
419,419,262.415000,10,10
420,420,201.645000,10,10
421,421,336.871000,7,10
422,422,287.222000,10,10
423,423,266.054000,10,10
424,424,289.653000,10,10
425,425,304.634000,10,10
426,426,296.742000,10,10
427,427,297.353000,10,10
428,428,276.244000,9,10
429,429,290.194000,8,10
430,430,264.603000,10,10
431,431,320.843000,5,10
432,432,322.171000,10,10
433,433,308.093000,9,10
434,434,318.662000,10,10
435,435,274.373000,9,10
436,436,320.492000,9,10
437,437,292.661000,10,10
438,438,330.001000,10,10
439,439,294.254000,10,10
440,440,293.883000,10,10
441,441,346.051000,8,10
442,442,215.684000,10,10
443,443,281.084000,10,10
444,444,307.062000,10,10
445,445,328.691000,10,10
446,446,359.941000,8,10
447,447,306.052000,10,10
448,448,315.353000,10,10
449,449,322.313000,10,10
450,450,259.615000,10,10
451,451,289.993000,10,10
452,452,306.454000,10,10
453,453,352.921000,10,10
454,454,253.604000,10,10
455,455,279.643000,10,10
456,456,318.732000,10,10
457,457,321.382000,9,10
458,458,303.053000,10,10
459,459,335.833000,10,10
460,460,295.803000,10,10
461,461,320.582000,9,10
462,462,292.973000,10,10
463,463,308.942000,10,10
464,464,285.944000,9,10
465,465,240.814000,10,10
466,466,339.232000,9,10
467,467,314.743000,10,10
468,468,320.213000,10,10
469,469,309.342000,6,10
470,470,288.603000,10,10
471,471,350.003000,10,10
472,472,291.672000,10,10
473,473,264.434000,10,10
474,474,336.041000,9,10
475,475,295.024000,10,10
476,476,265.314000,10,10
477,477,235.954000,10,10
478,478,306.843000,10,10
479,479,318.803000,8,10
480,480,290.532000,10,10
481,481,309.392000,10,10
482,482,311.994000,10,10
483,483,305.692000,10,10
484,484,275.663000,9,10
485,485,296.912000,10,10
486,486,277.215000,8,10
487,487,340.642000,9,10
488,488,354.392000,1,10
489,489,307.523000,10,10
490,490,303.592000,10,10
491,491,338.732000,10,10
492,492,302.313000,9,10
493,493,280.493000,10,10
494,494,306.803000,10,10
495,495,259.895000,10,10
496,496,320.804000,5,10
497,497,290.144000,10,10
498,498,286.264000,10,10
499,499,232.964000,9,10
500,500,326.182000,7,10
501,501,281.833000,10,10
502,502,297.113000,10,10
503,503,310.233000,10,10
504,504,251.824000,10,10
505,505,289.164000,9,10
506,506,305.734000,9,10
507,507,312.583000,9,10
508,508,238.234000,9,10
509,509,372.801000,10,10
510,510,334.292000,7,10
511,511,292.094000,3,10
512,512,297.013000,9,10
513,513,252.033000,10,10
514,514,338.472000,8,10
515,515,304.563000,7,10
516,516,377.063000,10,10
517,517,329.313000,7,10
518,518,296.333000,10,10
519,519,295.633000,10,10
520,520,317.832000,10,10
521,521,302.074000,9,10
522,522,308.651000,10,10
523,523,284.004000,10,10
524,524,287.154000,10,10
525,525,306.873000,9,10
526,526,306.813000,9,10
527,527,270.564000,10,10
528,528,296.843000,10,10
529,529,294.193000,10,10
530,530,279.863000,10,10
531,531,300.423000,10,10
532,532,339.082000,8,10
533,533,313.442000,9,10
534,534,260.584000,10,10
535,535,295.913000,10,10
536,536,273.382000,10,10
537,537,316.493000,10,10
538,538,317.193000,10,10
539,539,313.803000,7,10
540,540,334.973000,10,10
541,541,272.103000,9,10
542,542,314.903000,10,10
543,543,289.203000,9,10
544,544,285.314000,10,10
545,545,316.192000,9,10
546,546,277.234000,8,10
547,547,314.954000,9,10
548,548,320.083000,10,10
549,549,283.323000,9,10
550,550,272.013000,10,10
551,551,321.051000,9,10
552,552,303.574000,10,10
553,553,324.503000,10,10
554,554,296.744000,10,10
555,555,308.844000,10,10
556,556,327.113000,10,10
557,557,299.252000,8,10
558,558,303.093000,9,10
559,559,293.772000,10,10
560,560,308.403000,10,10
561,561,297.083000,10,10
562,562,330.851000,9,10
563,563,291.613000,10,10
564,564,325.832000,10,10
565,565,287.012000,10,10
566,566,316.712000,9,10
567,567,329.143000,10,10
568,568,297.854000,10,10
569,569,276.303000,7,10
570,570,310.544000,8,10
571,571,308.224000,9,10
572,572,333.982000,9,10
573,573,291.262000,10,10
574,574,237.454000,10,10
575,575,251.015000,10,10
576,576,324.143000,10,10
577,577,285.843000,10,10
578,578,293.203000,10,10
579,579,302.453000,10,10
580,580,326.182000,10,10
581,581,325.532000,10,10
582,582,339.382000,6,10
583,583,307.603000,10,10
584,584,353.901000,9,10
585,585,286.423000,10,10
586,586,320.822000,10,10
587,587,277.673000,10,10
588,588,300.672000,10,10
589,589,255.433000,10,10
590,590,332.402000,7,10
591,591,302.653000,10,10
592,592,285.634000,10,10
593,593,317.512000,10,10
594,594,273.784000,10,10
595,595,265.603000,10,10
596,596,288.254000,10,10
597,597,382.021000,7,10
598,598,346.122000,10,10
599,599,271.632000,10,10
600,0,338.062000,10,10
601,1,312.683000,10,10
602,2,315.854000,9,10
603,3,288.413000,9,10
604,4,314.192000,8,10
605,5,312.153000,10,10
606,6,263.803000,10,10
607,7,339.152000,10,10
608,8,305.552000,10,10
609,9,302.253000,10,10
610,10,291.862000,10,10
611,11,309.331000,10,10
612,12,259.963000,10,10
613,13,326.353000,10,10
614,14,284.804000,10,10
615,15,357.251000,8,10
616,16,328.462000,8,10
617,17,293.394000,9,10
618,18,251.883000,10,10
619,19,293.352000,10,10
620,20,306.893000,10,10
621,21,319.623000,8,10
622,22,313.632000,10,10
623,23,264.703000,10,10
624,24,332.522000,10,10
625,25,342.743000,10,10
626,26,306.932000,10,10
627,27,312.273000,9,10
628,28,278.644000,9,10
629,29,267.364000,10,10
630,30,294.894000,9,10
631,31,290.762000,10,10
632,32,268.713000,10,10
633,33,338.832000,9,10
634,34,308.212000,10,10
635,35,317.033000,9,10
636,36,300.033000,10,10
637,37,309.802000,9,10
638,38,351.363000,9,10
639,39,272.484000,10,10
640,40,318.713000,9,10
641,41,302.273000,10,10
642,42,268.954000,9,10
643,43,289.614000,10,10
644,44,247.734000,10,10
645,45,279.112000,10,10
646,46,327.503000,9,10
647,47,262.714000,10,10
648,48,280.462000,10,10
649,49,306.903000,10,10
650,50,292.773000,10,10
651,51,299.202000,10,10
652,52,272.523000,9,10
653,53,330.353000,10,10
654,54,249.814000,10,10
655,55,298.853000,9,10
656,56,257.554000,9,10
657,57,323.983000,7,10
658,58,220.926000,10,10
659,59,326.353000,7,10
660,60,271.454000,9,10
661,61,311.541000,10,10
662,62,307.553000,10,10
663,63,256.434000,10,10
664,64,297.194000,9,10
665,65,326.062000,6,10
666,66,282.954000,9,10
667,67,314.363000,10,10
668,68,279.933000,9,10
669,69,328.213000,10,10
670,70,243.714000,10,10
671,71,268.994000,10,10
672,72,334.743000,8,10
673,73,305.192000,9,10
674,74,263.383000,9,10
675,75,272.773000,10,10
676,76,314.072000,10,10
677,77,309.092000,9,10
678,78,277.234000,10,10
679,79,311.763000,10,10
680,80,256.164000,10,10
681,81,336.072000,10,10
682,82,248.935000,10,10
683,83,333.642000,10,10
684,84,304.532000,9,10
685,85,315.282000,10,10
686,86,311.242000,9,10
687,87,299.123000,10,10
688,88,242.964000,9,10
689,89,334.792000,10,10
690,90,318.163000,9,10
691,91,292.453000,9,10
692,92,327.592000,10,10
693,93,322.692000,10,10
694,94,276.103000,10,10
695,95,366.462000,8,10
696,96,296.224000,5,10
697,97,298.403000,10,10
698,98,279.392000,9,10
699,99,285.943000,10,10
700,100,334.351000,9,10
701,101,280.253000,10,10
702,102,313.313000,7,10
703,103,287.652000,10,10
704,104,296.173000,10,10
705,105,325.003000,9,10
706,106,291.032000,10,10
707,107,300.783000,10,10
708,108,270.114000,10,10
709,109,318.793000,10,10
710,110,21.170000,0,1
711,111,311.232000,10,10
712,112,207.136000,10,10
713,113,243.903000,10,10
714,114,322.153000,10,10
715,115,309.274000,10,10
716,116,259.933000,10,10
717,117,276.544000,10,10
718,118,371.491000,9,10
719,119,354.061000,10,10
720,120,332.343000,10,10
721,121,322.592000,10,10
722,122,311.542000,10,10
723,123,318.492000,10,10
724,124,325.202000,9,10
725,125,336.051000,10,10
726,126,315.972000,9,10
727,127,331.462000,10,10
728,128,286.174000,10,10
729,129,311.611000,7,10
730,130,332.393000,8,10
731,131,320.083000,10,10
732,132,318.171000,8,10
733,133,332.212000,7,10
734,134,346.992000,10,10
735,135,302.424000,10,10
736,136,299.523000,10,10
737,137,309.063000,10,10
738,138,322.173000,10,10
739,139,328.682000,10,10
740,140,310.942000,9,10
741,141,325.482000,10,10
742,142,287.854000,10,10
743,143,319.113000,10,10
744,144,290.273000,10,10
745,145,314.603000,8,10
746,146,310.543000,8,10
747,147,334.043000,9,10
748,148,356.102000,9,10
749,149,266.654000,10,10
750,150,196.095000,10,10
751,151,224.285000,9,10
752,152,355.321000,8,10
753,153,308.883000,8,10
754,154,356.331000,10,10
755,155,324.851000,10,10
756,156,310.932000,10,10
757,157,354.631000,9,10
758,158,348.631000,7,10
759,159,316.522000,10,10
760,160,304.213000,10,10
761,161,299.774000,10,10
762,162,294.573000,10,10
763,163,326.183000,9,10
764,164,295.394000,10,10
765,165,309.503000,10,10
766,166,333.612000,9,10
767,167,327.412000,9,10
768,168,288.805000,9,10
769,169,313.933000,9,10
770,170,305.264000,10,10
771,171,387.902000,8,10
772,172,342.483000,9,10
773,173,308.992000,10,10
774,174,319.443000,10,10
775,175,282.754000,9,10
776,176,343.742000,8,10
777,177,344.312000,9,10
778,178,363.731000,8,10
779,179,292.673000,10,10
780,180,313.503000,9,10
781,181,312.752000,10,10
782,182,323.371000,10,10
783,183,326.911000,10,10
784,184,316.802000,9,10
785,185,351.342000,10,10
786,186,265.615000,10,10
787,187,348.441000,9,10
788,188,335.241000,10,10
789,189,282.014000,10,10
790,190,325.322000,10,10
791,191,338.782000,10,10
792,192,323.443000,10,10
793,193,353.311000,10,10
794,194,253.984000,10,10
795,195,335.262000,10,10
796,196,251.034000,10,10
797,197,306.722000,9,10
798,198,340.983000,10,10
799,199,349.212000,10,10
800,200,326.633000,9,10
801,201,304.663000,10,10
802,202,227.505000,10,10
803,203,338.652000,8,10
804,204,284.254000,10,10
805,205,325.283000,9,10
806,206,294.994000,10,10
807,207,268.794000,8,10
808,208,298.783000,10,10
809,209,262.414000,10,10
810,210,290.714000,10,10
811,211,330.303000,8,10
812,212,318.023000,10,10
813,213,314.872000,9,10
814,214,272.334000,10,10
815,215,340.851000,10,10
816,216,372.300000,7,10
817,217,331.333000,10,10
818,218,303.931000,10,10
819,219,318.592000,9,10
820,220,313.342000,9,10
821,221,319.473000,9,10
822,222,318.053000,9,10
823,223,285.562000,9,10
824,224,306.482000,10,10
825,225,281.733000,10,10
826,226,306.902000,10,10
827,227,210.295000,10,10
828,228,320.444000,9,10
829,229,292.014000,10,10
830,230,294.164000,10,10
831,231,257.894000,10,10
832,232,289.323000,9,10
833,233,330.251000,10,10
834,234,304.214000,10,10
835,235,333.833000,7,10
836,236,293.633000,9,10
837,237,256.743000,10,10
838,238,309.973000,10,10
839,239,254.044000,10,10
840,240,305.692000,10,10
841,241,294.803000,10,10
842,242,249.145000,10,10
843,243,295.382000,10,10
844,244,312.342000,10,10
845,245,315.722000,10,10
846,246,334.081000,10,10
847,247,302.893000,10,10
848,248,322.681000,9,10
849,249,317.623000,10,10
850,250,330.962000,10,10
851,251,320.722000,8,10
852,252,291.224000,10,10
853,253,257.783000,10,10
854,254,307.012000,10,10
855,255,316.213000,10,10
856,256,312.222000,10,10
857,257,221.714000,10,10
858,258,212.615000,10,10
859,259,329.421000,9,10
860,260,255.585000,10,10
861,261,315.402000,10,10
862,262,380.081000,10,10
863,263,328.512000,7,10
864,264,276.342000,10,10
865,265,315.261000,10,10
866,266,275.613000,9,10
867,267,300.651000,9,10
868,268,305.723000,10,10
869,269,284.954000,10,10
870,270,270.325000,10,10
871,271,331.072000,10,10
872,272,304.692000,10,10
873,273,261.275000,9,10
874,274,298.444000,10,10
875,275,265.544000,9,10
876,276,323.872000,10,10
877,277,338.662000,8,10
878,278,317.912000,10,10
879,279,306.933000,9,10
880,280,338.713000,9,10
881,281,308.113000,8,10
882,282,295.574000,9,10
883,283,270.053000,10,10
884,284,310.064000,10,10
885,285,322.252000,9,10
886,286,317.943000,9,10
887,287,318.452000,10,10
888,288,21.959000,0,1
889,289,317.793000,9,10
890,290,325.672000,10,10
891,291,281.663000,10,10
892,292,252.844000,10,10
893,293,331.772000,10,10
894,294,336.943000,10,10
895,295,340.783000,9,10
896,296,301.981000,9,10
897,297,300.362000,10,10
898,298,298.953000,10,10
899,299,264.504000,9,10
900,300,292.685000,10,10
901,301,283.404000,10,10
902,302,345.321000,9,10
903,303,295.333000,10,10
904,304,310.953000,10,10
905,305,267.494000,10,10
906,306,313.113000,10,10
907,307,311.922000,10,10
908,308,335.022000,10,10
909,309,302.233000,10,10
910,310,334.402000,8,10
911,311,293.133000,10,10
912,312,304.324000,10,10
913,313,350.381000,10,10
914,314,312.653000,10,10
915,315,307.233000,10,10
916,316,270.544000,10,10
917,317,308.562000,10,10
918,318,307.034000,10,10
919,319,328.442000,10,10
920,320,208.876000,10,10
921,321,339.311000,9,10
922,322,388.750000,7,10
923,323,303.303000,10,10
924,324,306.303000,10,10
925,325,330.942000,10,10
926,326,313.853000,9,10
927,327,329.472000,10,10
928,328,303.962000,10,10
929,329,296.193000,10,10
930,330,293.053000,10,10
931,331,317.743000,10,10
932,332,253.445000,10,10
933,333,338.432000,10,10
934,334,306.604000,9,10
935,335,356.982000,8,10
936,336,304.632000,9,10
937,337,315.993000,10,10
938,338,359.501000,5,10
939,339,282.734000,9,10
940,340,338.541000,7,10
941,341,314.931000,10,10
942,342,292.943000,8,10
943,343,331.183000,8,10
944,344,281.852000,10,10
945,345,330.893000,9,10
946,346,316.393000,10,10
947,347,279.533000,10,10
948,348,327.892000,10,10
949,349,281.143000,10,10
950,350,325.252000,9,10
951,351,322.112000,10,10
952,352,310.002000,10,10
953,353,285.013000,10,10
954,354,342.901000,9,10
955,355,310.072000,10,10
956,356,323.383000,10,10
957,357,303.303000,10,10
958,358,365.831000,10,10
959,359,350.372000,10,10
960,360,327.561000,8,10
961,361,242.654000,10,10
962,362,299.692000,10,10
963,363,275.653000,10,10
964,364,419.680000,10,10
965,365,353.132000,9,10
966,366,270.853000,9,10
967,367,284.053000,7,10
968,368,334.253000,10,10
969,369,268.193000,9,10
970,370,248.953000,10,10
971,371,324.592000,8,10
972,372,235.165000,10,10
973,373,326.482000,10,10
974,374,321.102000,5,10
975,375,301.694000,10,10
976,376,378.271000,8,10
977,377,303.264000,10,10
978,378,315.073000,10,10
979,379,310.873000,10,10
980,380,322.182000,10,10
981,381,334.881000,6,10
982,382,296.243000,10,10
983,383,313.482000,10,10
984,384,307.363000,10,10
985,385,336.113000,10,10
986,386,319.233000,9,10
987,387,308.652000,10,10
988,388,298.823000,10,10
989,389,314.233000,9,10
990,390,254.394000,10,10
991,391,304.833000,10,10
992,392,330.882000,10,10
993,393,345.361000,9,10
994,394,292.974000,10,10
995,395,324.503000,6,10
996,396,303.394000,9,10
997,397,345.521000,8,10
998,398,311.712000,9,10
999,399,290.562000,10,10
