cycle,update_us,restore_us,remove_us,readd_us
0,28.619000,0.560000,427.240000,544.737000
1,3.790000,0.290000,335.162000,437.110000
2,3.150000,0.480000,553.486000,453.509000
3,3.520000,0.490000,286.103000,532.236000
4,3.140000,0.500000,58.799000,332.702000
5,2.899000,0.469000,69.568000,623.724000
6,2.629000,0.540000,61.969000,364.542000
7,2.290000,0.280000,389.421000,387.071000
8,1.580000,0.280000,129.666000,302.503000
9,1.529000,0.290000,48.949000,334.652000
10,2.240000,0.270000,295.083000,406.580000
11,1.460000,0.270000,183.195000,599.355000
12,1.660000,0.270000,293.314000,416.531000
13,1.849000,0.271000,135.276000,378.101000
14,2.970000,0.270000,39.990000,360.182000
15,2.130000,0.270000,77.909000,381.351000
16,2.131000,0.280000,281.354000,366.652000
17,3.271000,0.301000,89.688000,321.452000
18,2.660000,0.270000,46.558000,344.232000
19,1.670000,0.270000,67.010000,289.543000
20,2.200000,0.280000,59.549000,354.552000
21,1.480000,0.280000,17.750000,318.352000
22,1.470000,0.270000,108.238000,285.322000
23,1.489000,0.269000,216.635000,323.242000
24,1.269000,0.271000,297.902000,386.562000
25,1.299000,0.271000,357.791000,343.731000
26,1.740000,0.270000,156.686000,308.204000
27,1.430000,0.270000,135.887000,378.022000
28,2.009000,0.280000,234.085000,278.604000
29,2.570000,0.270000,245.704000,294.943000
30,1.360000,0.270000,427.449000,415.921000
31,1.570000,0.280000,50.468000,374.352000
32,1.380000,0.269000,122.437000,386.072000
33,1.580000,0.270000,171.325000,273.384000
34,1.360000,0.280000,26.519000,335.962000
35,1.740000,0.270000,295.662000,396.742000
36,1.590000,0.270000,59.139000,358.142000
37,1.450000,0.260000,537.676000,368.261000
38,2.299000,0.271000,314.962000,293.284000
39,1.541000,0.269000,400.501000,847.940000
40,2.661000,0.280000,247.773000,332.633000
41,1.810000,0.270000,48.709000,348.441000
42,2.690000,0.280000,247.694000,391.981000
43,1.400000,0.260000,340.803000,337.652000
44,1.530000,0.280000,164.776000,357.211000
45,1.469000,0.270000,83.539000,290.313000
46,1.490000,0.300000,107.868000,302.142000
47,1.470000,0.270000,329.992000,396.802000
48,1.520000,0.260000,138.166000,326.093000
49,1.549000,0.269000,557.647000,407.501000
50,2.390000,0.280000,140.437000,352.961000
51,1.460000,0.270000,304.164000,375.690000
52,1.499000,0.270000,29.069000,317.322000
53,1.989000,0.370000,163.525000,339.723000
54,1.630000,0.271000,213.285000,329.912000
55,1.450000,0.480000,72.978000,371.312000
56,1.530000,0.280000,862.720000,379.591000
57,1.340000,0.400000,323.622000,434.140000
58,1.580000,0.280000,157.716000,349.222000
59,2.880000,0.360000,215.586000,368.741000
60,1.769000,0.270000,269.254000,417.689000
61,1.571000,0.269000,97.527000,266.964000
62,1.510000,0.270000,406.640000,382.771000
63,1.430000,0.390000,272.483000,257.334000
64,1.470000,0.540000,79.317000,303.284000
65,1.130000,0.260000,165.567000,355.331000
66,1.830000,0.620000,92.898000,558.317000
67,1.610000,0.661000,449.498000,374.762000
68,1.350000,0.480000,217.715000,345.832000
69,1.600000,0.449000,132.116000,373.042000
70,1.170000,0.529000,43.299000,347.571000
71,1.910000,1.741000,397.030000,509.728000
72,1.451000,0.560000,65.209000,318.502000
73,1.501000,0.480000,266.854000,342.692000
74,1.270000,0.469000,351.601000,328.783000
75,1.270000,0.570000,242.714000,347.783000
76,1.240000,0.500000,288.624000,308.072000
77,1.660000,0.489000,70.468000,325.623000
78,1.670000,1.190000,94.779000,333.632000
79,1.520000,0.480000,48.008000,366.002000
80,1.410000,0.579000,215.345000,338.521000
81,1.500000,0.480000,260.744000,325.092000
82,1.251000,0.470000,370.332000,436.460000
83,1.310000,0.489000,117.908000,312.692000
84,1.369000,0.511000,167.377000,337.902000
85,1.660000,0.620000,47.268000,466.349000
86,1.290000,0.560000,236.835000,221.324000
87,1.329000,0.619000,365.282000,751.613000
88,1.800000,0.501000,261.063000,307.462000
89,1.240000,0.530000,619.305000,451.139000
90,1.239000,0.490000,271.554000,335.932000
91,1.430000,0.509000,400.241000,437.359000
92,1.329000,0.479000,166.706000,347.392000
93,1.660000,0.711000,38.809000,298.452000
94,1.550000,0.520000,62.208000,308.713000
95,1.339000,0.600000,559.537000,355.822000
96,1.591000,0.530000,131.636000,336.293000
97,1.440000,0.480000,349.742000,379.530000
98,1.261000,0.470000,173.848000,259.093000
99,1.610000,0.620000,297.044000,333.512000
100,1.420000,0.520000,241.494000,357.603000
101,1.800000,1.339000,38.089000,339.171000
102,1.520000,0.580000,186.506000,351.132000
103,1.320000,0.580000,114.217000,374.141000
104,1.340000,0.541000,92.677000,320.553000
105,1.359000,0.541000,134.617000,336.331000
106,1.790000,1.830000,186.466000,296.624000
107,1.450000,0.530000,69.058000,337.583000
108,1.330000,0.510000,163.666000,307.123000
109,1.390000,0.510000,42.469000,328.292000
110,1.610000,0.550000,278.363000,338.212000
111,1.640000,0.520000,130.028000,624.965000
112,1.341000,0.459000,980.178000,411.131000
113,1.240000,0.490000,285.963000,365.992000
114,1.260000,0.570000,298.843000,391.560000
115,1.569000,1.280000,545.028000,490.198000
116,1.580000,0.590000,98.748000,357.111000
117,1.739000,0.850000,215.176000,327.472000
118,1.580000,0.559000,418.740000,393.541000
119,1.769000,1.381000,121.798000,318.853000
120,1.840000,0.730000,89.247000,385.101000
121,2.110000,1.620000,95.337000,340.013000
122,1.350000,0.570000,211.185000,322.752000
123,1.501000,0.560000,183.085000,396.941000
124,1.440000,0.600000,43.499000,322.933000
125,1.459000,0.711000,562.206000,435.170000
126,1.560000,0.540000,145.415000,281.363000
127,1.311000,0.651000,200.184000,320.322000
128,1.690000,0.280000,57.799000,316.713000
129,1.411000,0.389000,28.369000,343.032000
130,1.380000,0.589000,262.344000,412.540000
131,1.790000,0.540000,152.647000,366.341000
132,1.620000,0.560000,143.807000,368.702000
133,1.251000,0.509000,230.655000,583.886000
134,1.520000,0.610000,129.027000,353.042000
135,1.421000,0.720000,281.045000,352.132000
136,1.889000,0.941000,267.604000,348.093000
137,1.631000,0.570000,191.176000,303.653000
138,1.390000,0.480000,277.884000,387.491000
139,1.700000,0.640000,72.848000,341.211000
140,1.720000,1.460000,215.105000,343.261000
141,1.780000,0.579000,60.648000,600.075000
142,1.739000,1.261000,186.015000,343.641000
143,1.570000,0.670000,292.203000,318.774000
144,1.240000,0.490000,50.229000,344.551000
145,1.730000,0.579000,54.389000,363.992000
146,1.270000,0.491000,159.506000,358.153000
147,1.410000,0.710000,140.136000,351.502000
148,1.560000,0.480000,82.829000,271.653000
149,1.340000,0.470000,283.692000,421.471000
150,1.510000,1.151000,426.419000,387.911000
151,1.720000,0.780000,44.050000,385.391000
152,1.489000,0.539000,520.898000,483.739000
153,2.099000,0.760000,118.619000,364.461000
154,1.510000,0.671000,43.989000,374.031000
155,1.650000,0.600000,175.946000,594.856000
156,1.370000,0.460000,180.455000,306.183000
157,1.739000,0.560000,38.919000,316.883000
158,1.640000,0.741000,26.428000,300.542000
159,1.379000,0.510000,218.455000,335.701000
160,1.920000,0.630000,273.874000,341.702000
161,1.500000,0.750000,137.367000,359.973000
162,1.360000,0.620000,22.440000,342.042000
163,1.510000,0.480000,454.579000,395.251000
164,1.430000,0.600000,110.187000,366.371000
165,1.540000,0.540000,137.347000,379.880000
166,1.511000,0.540000,270.983000,357.871000
167,1.470000,0.500000,143.207000,250.273000
168,1.510000,0.560000,350.592000,404.830000
169,1.720000,0.499000,216.773000,375.573000
170,1.410000,0.500000,109.118000,343.732000
171,1.369000,0.570000,174.926000,374.691000
172,1.530000,0.550000,418.501000,377.061000
173,2.170000,0.460000,215.465000,323.852000
174,1.850000,0.740000,82.697000,366.812000
175,1.541000,0.640000,155.225000,361.911000
176,1.210000,0.720000,252.044000,293.312000
177,1.820000,1.209000,376.321000,351.651000
178,1.280000,0.490000,417.110000,384.770000
179,1.501000,0.560000,266.643000,365.892000
180,1.541000,0.600000,234.095000,395.230000
181,1.750000,0.560000,91.098000,333.112000
182,1.700000,0.530000,268.334000,428.759000
183,1.590000,0.580000,45.190000,362.031000
184,1.240000,0.499000,300.483000,384.041000
185,1.290000,0.480000,333.872000,375.342000
186,1.430000,0.490000,203.645000,391.020000
187,1.520000,0.590000,216.155000,390.550000
188,1.669000,0.550000,123.057000,359.332000
189,1.640000,0.710000,111.188000,358.971000
190,1.760000,0.550000,198.346000,574.908000
191,1.960000,0.710000,252.245000,407.840000
192,1.370000,0.501000,267.213000,404.391000
193,1.520000,0.590000,256.084000,276.885000
194,1.400000,1.200000,353.902000,640.814000
195,1.560000,0.459000,198.266000,335.443000
196,1.750000,0.470000,319.223000,308.291000
197,1.330000,0.461000,104.947000,389.430000
198,1.751000,1.869000,346.932000,296.933000
199,1.410000,0.560000,471.780000,359.751000
200,1.581000,0.549000,244.564000,390.771000
201,1.209000,0.499000,301.223000,348.732000
202,1.630000,0.750000,316.273000,368.811000
203,1.240000,0.610000,291.683000,312.983000
204,1.500000,1.420000,294.594000,406.630000
205,1.380000,0.580000,192.595000,332.181000
206,1.390000,0.680000,166.527000,352.481000
207,1.229000,0.520000,32.998000,282.904000
208,1.509000,1.170000,739.172000,429.960000
209,1.211000,0.550000,465.090000,362.621000
210,1.580000,0.490000,225.905000,401.370000
211,1.520000,0.820000,226.024000,389.881000
212,1.451000,0.480000,237.446000,405.481000
213,1.200000,0.490000,228.135000,417.370000
214,1.260000,0.490000,76.868000,262.745000
215,1.260000,0.500000,125.076000,322.244000
216,1.430000,0.840000,365.881000,394.991000
217,1.130000,0.570000,77.537000,263.244000
218,2.280000,1.790000,352.732000,441.310000
219,1.720000,0.550000,97.568000,367.891000
220,1.619000,0.530000,347.622000,427.181000
221,1.571000,0.540000,224.855000,356.912000
222,1.490000,0.470000,184.256000,332.333000
223,1.581000,0.511000,462.519000,390.110000
224,1.301000,0.540000,249.505000,327.221000
225,1.530000,0.660000,112.327000,306.533000
226,1.249000,0.459000,152.157000,364.921000
227,1.230000,0.490000,245.314000,375.631000
228,1.299000,0.480000,322.223000,308.332000
229,1.300000,0.480000,334.331000,432.790000
230,1.430000,0.690000,139.776000,366.911000
231,1.460000,0.640000,75.657000,336.092000
232,1.370000,0.510000,254.454000,311.713000
233,1.309000,0.480000,195.505000,422.630000
234,1.249000,0.480000,438.479000,341.251000
235,1.260000,0.460000,435.730000,344.492000
236,1.430000,0.470000,382.461000,449.860000
237,1.879000,0.779000,351.182000,379.402000
238,1.560000,0.630000,152.957000,358.181000
239,1.850000,0.650000,201.875000,358.182000
240,1.539000,0.780000,323.652000,344.033000
241,1.330000,0.480000,232.944000,353.582000
242,1.659000,0.790000,109.626000,310.763000
243,1.371000,0.471000,56.647000,335.642000
244,1.430000,0.490000,181.135000,351.043000
245,1.520000,0.670000,483.059000,303.363000
246,1.269000,0.539000,144.487000,312.683000
247,1.600000,0.541000,51.218000,375.980000
248,1.500000,0.480000,42.648000,360.612000
249,1.871000,1.400000,366.701000,312.483000
250,2.080000,1.019000,103.238000,364.711000
251,1.989000,0.750000,95.448000,299.783000
252,2.000000,0.709000,74.609000,293.044000
253,2.050000,1.819000,245.424000,385.812000
254,1.439000,0.550000,428.010000,448.929000
255,1.690000,0.550000,139.136000,559.286000
256,1.390000,0.500000,104.807000,362.932000
257,1.030000,0.270000,755.992000,448.570000
258,1.571000,0.739000,130.947000,272.714000
259,1.461000,1.370000,604.317000,450.040000
260,1.291000,0.470000,36.729000,340.432000
261,1.940000,0.640000,78.847000,358.323000
262,1.560000,0.449000,56.568000,291.782000
263,1.620000,1.120000,71.558000,315.393000
264,1.440000,0.550000,81.148000,265.004000
265,1.520000,0.470000,107.108000,360.353000
266,1.350000,0.530000,38.490000,330.061000
267,1.520000,0.649000,77.490000,322.943000
268,1.839000,0.751000,63.989000,348.573000
269,1.920000,0.540000,242.464000,372.372000
270,1.911000,1.209000,260.574000,282.773000
271,2.040000,0.770000,133.416000,323.642000
272,1.890000,0.769000,268.003000,391.902000
273,1.301000,0.501000,288.723000,576.886000
274,1.760000,1.320000,192.555000,322.342000
275,1.380000,0.620000,258.803000,372.011000
276,1.270000,0.590000,212.675000,374.681000
277,1.670000,1.490000,163.276000,381.581000
278,1.661000,0.909000,317.263000,347.831000
279,1.500000,0.499000,394.691000,417.400000
280,1.310000,0.461000,93.238000,311.393000
281,1.451000,0.749000,374.751000,354.202000
282,1.650000,0.550000,460.639000,367.573000
283,1.680000,0.600000,459.479000,266.804000
284,1.620000,0.620000,165.557000,329.571000
285,1.430000,0.550000,305.664000,432.620000
286,1.610000,0.581000,321.682000,379.351000
287,1.320000,0.520000,100.669000,335.862000
288,1.620000,0.741000,396.510000,386.041000
289,1.390000,0.491000,235.843000,362.912000
290,1.280000,0.580000,58.699000,298.103000
291,1.541000,0.600000,31.419000,378.471000
292,1.280000,0.690000,135.087000,323.173000
293,1.339000,0.471000,257.264000,367.571000
294,1.459000,0.471000,352.762000,345.262000
295,1.350000,0.470000,107.038000,323.902000
296,1.581000,0.470000,322.294000,671.864000
297,2.110000,1.600000,114.118000,363.172000
298,1.400000,0.510000,449.840000,410.690000
299,1.771000,0.770000,307.872000,397.771000
300,1.430000,0.600000,174.385000,380.281000
301,1.560000,0.620000,47.328000,317.323000
302,1.510000,0.659000,474.860000,396.620000
303,1.420000,0.489000,47.799000,333.163000
304,1.280000,0.500000,108.398000,321.132000
305,1.760000,0.640000,76.889000,310.052000
306,1.371000,0.551000,1538.513000,303.414000
307,1.330000,0.611000,384.520000,397.741000
308,1.570000,0.480000,42.798000,306.933000
309,1.870000,0.570000,73.379000,396.071000
310,1.680000,1.439000,28.780000,278.883000
311,1.740000,0.710000,29.400000,329.973000
312,1.950000,1.180000,347.742000,349.623000
313,1.660000,0.570000,167.186000,329.544000
314,1.530000,0.520000,129.246000,422.500000
315,1.911000,1.480000,153.276000,302.843000
316,1.720000,0.550000,155.047000,339.562000
317,2.040000,0.651000,68.138000,321.492000
318,1.859000,0.890000,162.726000,331.403000
319,1.510000,13.789000,528.878000,295.923000
320,1.740000,0.690000,364.651000,357.982000
321,1.589000,0.510000,292.633000,312.013000
322,1.670000,0.669000,287.322000,339.063000
323,1.440000,0.540000,252.853000,293.462000
324,1.550000,0.550000,152.477000,566.056000
325,2.029000,0.510000,292.624000,446.550000
326,1.620000,0.840000,237.615000,339.872000
327,1.500000,0.670000,336.891000,384.771000
328,1.440000,0.540000,238.745000,373.671000
329,1.500000,0.510000,314.084000,310.451000
330,1.720000,0.520000,201.845000,306.713000
331,1.380000,0.670000,31.349000,354.421000
332,1.469000,0.550000,427.820000,379.361000
333,1.420000,0.530000,295.822000,379.351000
334,1.490000,0.779000,152.377000,512.768000
335,1.500000,0.630000,130.547000,347.653000
336,1.731000,0.529000,168.086000,296.073000
337,1.390000,0.510000,71.069000,317.173000
338,1.920000,0.730000,245.804000,354.452000
339,1.590000,0.520000,116.629000,365.892000
340,1.789000,0.940000,72.968000,359.112000
341,1.249000,0.510000,226.265000,351.691000
342,1.650000,0.570000,198.325000,328.251000
343,1.731000,1.110000,486.569000,358.391000
344,1.529000,0.539000,277.775000,333.763000
345,1.600000,0.539000,226.056000,263.145000
346,1.668000,0.530000,489.628000,379.871000
347,1.490000,0.779000,68.078000,361.453000
348,2.029000,0.710000,56.629000,228.585000
349,1.699000,0.569000,122.028000,316.573000
350,1.340000,0.510000,151.436000,318.072000
351,1.310000,0.520000,95.607000,258.864000
352,1.440000,0.581000,70.938000,356.253000
353,1.290000,1.750000,82.908000,283.493000
354,1.251000,0.470000,207.856000,612.216000
355,1.491000,1.461000,66.709000,327.901000
356,1.560000,0.540000,166.375000,309.412000
357,1.540000,0.530000,287.953000,336.813000
358,1.750000,0.530000,388.380000,337.993000
359,1.700000,0.789000,215.865000,398.320000
360,1.699000,0.621000,34.149000,340.523000
361,1.760000,0.960000,20.579000,286.213000
362,1.840000,0.530000,30.309000,290.263000
363,2.419000,0.680000,81.929000,349.251000
364,1.630000,0.630000,35.918000,379.481000
365,1.819000,0.590000,169.716000,317.813000
366,1.480000,0.531000,44.748000,337.241000
367,1.430000,0.570000,741.472000,366.402000
368,1.610000,0.570000,107.668000,323.162000
369,1.440000,0.590000,190.616000,277.753000
370,1.940000,1.620000,740.792000,670.375000
371,1.540000,0.700000,269.784000,293.282000
372,1.391000,0.531000,192.295000,347.381000
373,1.810000,0.640000,121.416000,343.361000
374,1.510000,0.580000,46.589000,318.262000
375,1.890000,1.050000,106.088000,347.591000
376,1.459000,0.509000,47.999000,301.552000
377,1.980000,1.310000,138.497000,399.180000
378,1.909000,1.000000,155.108000,393.400000
379,1.260000,0.541000,1380.618000,410.530000
380,1.471000,0.630000,275.843000,337.602000
381,1.680000,0.551000,111.967000,330.702000
382,1.729000,1.731000,23.499000,323.613000
383,1.431000,0.550000,277.224000,416.581000
384,1.570000,0.550000,89.937000,387.811000
385,1.290000,0.530000,140.167000,304.463000
386,1.650000,0.550000,263.894000,407.370000
387,1.830000,0.680000,37.579000,331.532000
388,1.580000,0.539000,294.694000,283.333000
389,1.619000,0.690000,269.114000,365.552000
390,1.550000,1.900000,65.928000,314.203000
391,2.030000,0.830000,56.729000,310.413000
392,1.920000,0.780000,457.610000,487.937000
393,1.440000,0.810000,108.987000,366.822000
394,1.310000,0.469000,87.378000,280.764000
395,1.410000,0.588000,144.068000,317.093000
396,1.539000,1.099000,306.253000,396.781000
397,1.500000,0.470000,284.063000,340.762000
398,1.730000,0.540000,333.421000,350.873000
399,1.551000,0.690000,410.009000,392.271000
400,1.720000,0.780000,224.494000,302.083000
401,1.580000,0.541000,37.227000,319.723000
402,1.620000,0.590000,15.480000,340.844000
403,1.670000,0.640000,463.140000,308.343000
404,1.911000,1.260000,247.383000,344.872000
405,1.520000,0.541000,315.682000,405.171000
406,1.740000,0.820000,348.552000,382.241000
407,1.611000,1.330000,83.829000,331.402000
408,1.510000,0.610000,303.992000,348.463000
409,1.930000,0.720000,112.397000,337.992000
410,1.720000,0.680000,365.522000,388.152000
411,1.360000,0.729000,213.056000,274.065000
412,1.450000,0.530000,119.796000,336.442000
413,1.690000,0.560000,146.367000,361.442000
414,1.750000,1.471000,255.874000,336.361000
415,1.699000,0.660000,123.746000,349.692000
416,1.570000,0.510000,140.937000,318.893000
417,1.189000,0.660000,695.984000,415.650000
418,1.621000,0.680000,205.225000,348.723000
419,1.359000,0.711000,224.864000,332.432000
420,1.520000,0.610000,142.006000,336.952000
421,1.420000,0.560000,61.297000,366.061000
422,1.680000,0.769000,250.875000,305.422000
423,1.779000,0.549000,359.992000,385.101000
424,1.341000,0.621000,34.138000,543.867000
425,1.731000,0.560000,211.675000,353.282000
426,1.440000,0.640000,315.623000,394.620000
427,1.469000,0.579000,303.514000,345.831000
428,1.470000,0.550000,608.155000,352.451000
429,1.160000,0.569000,393.030000,348.621000
430,1.820000,0.461000,339.213000,321.752000
431,1.560000,0.480000,146.687000,302.803000
432,1.280000,0.570000,235.065000,369.671000
433,1.710000,0.490000,546.168000,361.871000
434,1.260000,0.510000,119.938000,348.971000
435,1.301000,0.699000,115.028000,319.742000
436,1.279000,0.501000,69.887000,337.193000
437,2.000000,0.720000,26.760000,344.702000
438,1.331000,0.459000,257.495000,392.012000
439,1.510000,0.500000,179.365000,233.535000
440,1.520000,0.590000,566.417000,357.541000
441,1.700000,0.880000,307.562000,316.933000
442,1.440000,0.511000,62.359000,355.512000
443,1.510000,0.660000,92.537000,333.613000
444,1.379000,0.680000,351.873000,355.001000
445,1.550000,0.610000,107.208000,296.463000
446,1.360000,0.541000,84.857000,609.856000
447,1.710000,1.630000,227.644000,360.203000
448,1.190000,0.480000,47.869000,308.363000
449,1.490000,1.069000,242.446000,405.461000
450,1.320000,0.461000,339.162000,336.592000
451,1.570000,0.579000,310.173000,355.102000
452,1.310000,0.500000,161.336000,312.263000
453,1.660000,0.660000,146.378000,284.353000
454,1.469000,0.710000,1904.594000,383.461000
455,1.530000,1.300000,630.345000,335.912000
456,1.810000,0.739000,88.499000,367.180000
457,1.800000,1.219000,195.125000,420.840000
458,1.529000,0.489000,286.774000,414.440000
459,1.400000,0.520000,71.419000,315.543000
460,1.659000,1.500000,32.619000,327.953000
461,1.500000,0.600000,202.465000,323.173000
462,1.490000,0.580000,125.417000,376.472000
463,1.400000,0.610000,181.646000,354.173000
464,1.391000,0.489000,374.142000,299.073000
465,1.420000,0.480000,404.681000,339.693000
466,1.420000,0.580000,100.517000,315.132000
467,1.229000,0.699000,73.809000,311.733000
468,1.350000,0.509000,267.153000,359.193000
469,1.280000,0.760000,348.632000,331.143000
470,1.339000,0.560000,214.805000,369.662000
471,1.730000,0.670000,163.116000,393.691000
472,1.529000,0.631000,301.341000,389.061000
473,1.510000,0.581000,162.375000,523.299000
474,1.500000,0.581000,48.639000,388.732000
475,1.330000,0.460000,136.366000,340.792000
476,1.501000,0.560000,120.617000,417.790000
477,1.420000,1.710000,450.809000,278.993000
478,1.451000,0.469000,206.084000,528.827000
479,1.789000,1.110000,317.802000,394.651000
480,1.290000,0.589000,348.302000,288.653000
481,1.339000,0.470000,160.456000,547.837000
482,1.299000,0.699000,302.013000,322.533000
483,1.219000,0.459000,287.844000,326.672000
484,1.650000,0.510000,395.251000,383.921000
485,1.249000,0.570000,357.671000,379.721000
486,1.491000,0.471000,195.975000,418.360000
487,1.469000,0.560000,52.729000,354.331000
488,1.690000,1.501000,41.368000,580.987000
489,1.489000,0.560000,304.292000,312.533000
490,1.340000,0.520000,306.703000,365.522000
491,1.160000,0.501000,908.807000,369.281000
492,1.280000,0.480000,49.659000,350.113000
493,1.370000,0.480000,295.313000,366.452000
494,1.360000,0.541000,185.715000,320.462000
495,1.360000,0.510000,258.614000,345.702000
496,1.541000,0.670000,81.868000,303.834000
497,1.670000,0.580000,127.067000,280.473000
498,1.261000,0.451000,39.278000,331.682000
499,1.600000,0.650000,20.340000,328.252000
500,1.520000,0.620000,65.829000,302.973000
501,1.890000,0.550000,330.461000,250.065000
502,1.670000,0.800000,229.703000,338.023000
503,1.589000,0.670000,314.383000,398.410000
504,1.491000,0.570000,190.306000,311.873000
505,1.590000,0.590000,373.582000,408.170000
506,1.730000,0.670000,178.066000,325.843000
507,1.560000,0.480000,407.040000,347.862000
508,1.609000,1.710000,326.502000,302.882000
509,1.549000,0.520000,228.424000,431.970000
510,1.430000,0.480000,101.818000,370.991000
511,1.400000,0.491000,141.096000,329.483000
512,1.740000,0.370000,327.453000,390.720000
513,0.900000,0.270000,516.409000,435.060000
514,1.360000,0.490000,246.685000,330.601000
515,1.320000,0.580000,213.305000,297.532000
516,1.740000,1.510000,458.219000,595.506000
517,1.330000,0.580000,319.632000,366.911000
518,1.660000,0.830000,149.396000,339.592000
519,1.220000,0.740000,40.249000,326.623000
520,1.390000,0.480000,106.257000,329.763000
521,1.450000,0.501000,291.684000,353.082000
522,1.149000,0.640000,342.551000,341.172000
523,1.520000,0.480000,59.029000,362.133000
524,1.310000,0.540000,193.495000,382.851000
525,1.050000,0.470000,767.081000,386.061000
526,1.220000,0.490000,297.093000,305.834000
527,1.590000,0.600000,198.575000,349.612000
528,1.360000,0.500000,40.829000,334.562000
529,1.690000,0.490000,14.580000,329.133000
530,1.520000,0.520000,82.667000,325.073000
531,1.310000,0.501000,244.044000,335.942000
532,1.230000,0.650000,162.426000,321.383000
533,1.320000,0.471000,322.653000,369.632000
534,1.250000,0.680000,96.978000,373.331000
535,1.100000,0.491000,76.278000,419.781000
536,1.230000,0.500000,318.062000,385.361000
537,1.160000,0.670000,109.208000,666.224000
538,1.579000,0.451000,331.492000,348.032000
539,1.239000,0.579000,151.477000,311.404000
540,1.411000,0.511000,185.355000,386.121000
541,1.520000,0.790000,59.838000,344.373000
542,1.550000,1.170000,226.115000,322.444000
543,1.351000,0.470000,582.616000,362.492000
544,1.590000,0.469000,529.758000,474.859000
545,1.800000,0.620000,238.555000,317.772000
546,1.560000,0.510000,83.407000,266.274000
547,1.540000,0.520000,77.867000,468.949000
548,1.421000,0.510000,40.539000,323.543000
549,1.550000,0.540000,59.039000,320.201000
550,1.480000,0.490000,261.043000,289.724000
551,1.269000,0.530000,202.595000,390.770000
552,1.350000,0.669000,85.739000,354.842000
553,1.400000,0.459000,78.079000,373.160000
554,1.410000,0.490000,871.450000,410.470000
555,1.419000,0.470000,286.583000,363.882000
556,1.480000,0.490000,199.295000,348.212000
557,1.560000,0.470000,220.865000,327.782000
558,1.090000,0.460000,129.657000,265.095000
559,1.320000,0.480000,161.417000,329.242000
560,1.799000,0.470000,88.407000,344.132000
561,1.449000,0.490000,22.489000,332.752000
562,1.330000,0.469000,295.103000,307.163000
563,1.290000,0.490000,202.745000,388.531000
564,1.259000,0.480000,69.588000,643.455000
565,1.320000,0.500000,196.845000,338.191000
566,1.230000,0.600000,493.628000,370.940000
567,1.261000,0.480000,530.818000,398.260000
568,1.370000,0.480000,317.332000,308.204000
569,1.289000,0.520000,132.797000,352.081000
570,1.290000,0.460000,98.187000,339.132000
571,1.710000,1.019000,127.497000,386.201000
572,1.470000,0.480000,102.007000,343.643000
573,1.141000,0.459000,95.408000,288.543000
574,1.570000,0.471000,182.765000,331.432000
575,1.290000,0.480000,149.566000,394.551000
576,1.240000,0.500000,567.217000,381.101000
577,1.460000,0.720000,256.315000,342.111000
578,1.240000,0.591000,209.275000,400.621000
579,1.420000,0.520000,52.818000,303.781000
580,1.540000,1.531000,355.712000,396.330000
581,1.310000,0.480000,61.847000,359.082000
582,1.191000,0.480000,245.784000,326.482000
583,1.450000,0.569000,71.088000,309.363000
584,1.619000,0.720000,81.669000,285.833000
585,1.760000,0.620000,271.313000,385.181000
586,1.550000,0.590000,57.099000,326.422000
587,1.660000,0.720000,274.502000,298.593000
588,1.631000,0.629000,376.772000,298.704000
589,1.590000,0.490000,260.914000,387.791000
590,1.810000,0.930000,104.517000,382.512000
591,1.760000,1.499000,112.867000,435.489000
592,1.391000,0.461000,187.485000,402.141000
593,1.910000,0.500000,32.630000,325.872000
594,1.541000,0.469000,249.044000,306.204000
595,1.680000,0.711000,146.397000,346.642000
596,1.440000,0.600000,162.936000,346.242000
597,1.370000,0.470000,111.337000,320.853000
598,1.570000,0.490000,165.686000,402.561000
599,1.240000,0.471000,30.739000,319.353000
600,1.269000,0.480000,26.209000,364.902000
601,1.270000,0.470000,141.477000,321.283000
602,1.880000,1.870000,78.548000,363.062000
603,1.551000,1.510000,212.995000,391.861000
604,1.219000,0.610000,184.816000,363.871000
605,1.659000,1.180000,177.305000,376.611000
606,1.190000,0.640000,60.679000,531.578000
607,1.430000,0.480000,182.855000,370.893000
608,1.530000,0.600000,279.374000,293.973000
609,1.240000,0.840000,124.817000,350.592000
610,1.420000,0.741000,35.450000,306.552000
611,1.139000,0.551000,126.696000,304.054000
612,1.291000,0.500000,52.519000,306.423000
613,1.251000,0.499000,357.611000,380.741000
614,1.140000,0.490000,224.065000,332.822000
615,1.309000,0.670000,228.795000,297.694000
616,1.820000,1.280000,169.506000,316.894000
617,1.440000,0.731000,89.609000,346.662000
618,1.671000,0.611000,87.877000,376.801000
619,1.630000,0.550000,89.258000,334.512000
620,1.760000,0.570000,340.123000,382.590000
621,1.880000,0.570000,55.969000,339.103000
622,1.851000,0.820000,132.056000,363.022000
623,1.730000,0.540000,284.814000,376.370000
624,1.680000,0.471000,100.446000,330.493000
625,1.750000,0.680000,40.509000,330.162000
626,1.909000,0.800000,223.894000,326.513000
627,1.360000,0.491000,284.593000,326.892000
628,1.600000,0.560000,40.019000,374.282000
629,2.010000,0.570000,574.286000,396.230000
630,1.360000,0.579000,212.684000,334.851000
631,1.899000,0.560000,160.937000,358.201000
632,1.580000,0.680000,30.699000,300.492000
633,1.530000,1.440000,131.686000,361.642000
634,1.449000,0.720000,283.394000,498.248000
635,1.610000,0.489000,86.687000,324.522000
636,1.999000,0.860000,396.851000,406.370000
637,1.671000,0.480000,139.907000,328.992000
638,1.990000,1.019000,238.415000,592.856000
639,1.569000,0.840000,206.435000,305.702000
640,1.550000,0.520000,341.441000,352.943000
641,1.320000,0.501000,316.173000,340.924000
642,1.360000,0.520000,64.589000,385.571000
643,1.779000,1.141000,386.671000,652.705000
644,1.520000,0.590000,121.168000,612.576000
645,1.920000,0.771000,109.867000,371.530000
646,1.820000,1.400000,89.378000,359.973000
647,1.840000,1.389000,85.388000,307.292000
648,1.309000,0.600000,474.279000,397.891000
649,1.580000,1.020000,232.404000,294.474000
650,1.929000,0.990000,280.525000,355.111000
651,1.410000,0.589000,270.764000,408.081000
652,1.810000,1.040000,31.360000,318.361000
653,1.840000,0.910000,63.628000,340.693000
654,1.530000,0.630000,247.464000,323.741000
655,1.530000,0.711000,147.197000,562.767000
656,1.440000,0.621000,157.686000,283.653000
657,1.381000,0.491000,64.539000,311.303000
658,1.330000,0.840000,184.406000,345.322000
659,1.240000,0.670000,34.660000,301.543000
660,1.610000,0.600000,301.063000,333.252000
661,1.420000,0.541000,180.155000,338.251000
662,1.409000,0.480000,439.859000,404.062000
663,1.320000,0.570000,129.657000,367.002000
664,1.600000,0.720000,263.964000,366.631000
665,1.351000,0.560000,191.506000,402.360000
666,1.381000,0.581000,84.068000,329.082000
667,1.730000,0.539000,33.560000,334.862000
668,1.600000,1.860000,244.955000,327.491000
669,1.670000,1.210000,208.705000,358.161000
670,1.240000,0.470000,322.603000,399.681000
671,1.260000,0.560000,106.217000,288.183000
672,1.320000,0.661000,270.924000,431.139000
673,1.509000,0.541000,276.423000,292.404000
674,1.440000,0.620000,49.569000,308.112000
675,1.410000,0.480000,287.093000,395.970000
676,1.579000,0.501000,275.023000,401.090000
677,1.290000,0.510000,307.183000,335.212000
678,1.340000,0.540000,178.685000,399.321000
679,1.571000,0.689000,52.349000,384.690000
680,1.630000,0.690000,83.367000,302.533000
681,1.530000,0.510000,49.568000,338.063000
682,1.730000,1.610000,48.619000,315.802000
683,1.530000,0.720000,15.690000,314.682000
684,1.240000,0.490000,675.915000,425.699000
685,1.759000,0.940000,353.801000,376.462000
686,1.829000,0.520000,465.679000,397.043000
687,1.370000,0.621000,672.635000,415.090000
688,1.590000,1.200000,252.595000,336.082000
689,1.250000,0.480000,84.118000,489.097000
690,1.379000,0.490000,130.397000,269.403000
691,1.960000,1.050000,97.008000,309.953000
692,2.000000,0.560000,118.798000,332.182000
693,1.769000,1.191000,283.522000,399.041000
694,1.770000,0.560000,53.228000,366.770000
695,1.280000,0.750000,192.406000,328.593000
696,1.411000,0.480000,279.804000,368.251000
697,1.309000,0.491000,80.537000,418.880000
698,1.240000,0.461000,526.028000,432.590000
699,1.570000,0.480000,234.195000,306.573000
700,1.540000,0.480000,23.760000,337.473000
701,1.609000,1.450000,111.227000,291.934000
702,1.410000,1.180000,358.701000,356.363000
703,1.480000,0.480000,283.304000,275.843000
704,1.280000,0.480000,248.074000,299.902000
705,1.379000,0.480000,175.506000,300.412000
706,1.510000,0.480000,291.492000,284.354000
707,1.320000,0.509000,124.336000,358.862000
708,1.179000,0.480000,101.037000,271.845000
709,1.570000,0.910000,29.559000,396.770000
710,1.890000,1.360000,343.152000,310.144000
711,1.661000,1.139000,271.284000,346.683000
712,1.420000,0.480000,118.237000,318.344000
713,1.440000,1.240000,41.850000,404.351000
714,1.540000,0.590000,162.496000,316.933000
715,1.251000,0.490000,339.633000,396.630000
716,1.330000,0.490000,112.517000,320.862000
717,1.270000,0.500000,420.380000,324.472000
718,1.560000,0.490000,109.797000,362.873000
719,1.630000,1.539000,252.314000,375.121000
720,1.250000,0.479000,314.332000,429.100000
721,1.530000,0.501000,36.379000,304.922000
722,1.220000,0.480000,310.972000,390.761000
723,1.390000,0.580000,184.506000,371.701000
724,1.739000,1.091000,246.874000,297.423000
725,1.620000,1.310000,297.554000,324.051000
726,1.720000,1.400000,75.368000,351.682000
727,1.310000,0.600000,459.449000,473.268000
728,1.240000,0.501000,57.128000,326.683000
729,1.499000,0.680000,338.422000,409.771000
730,1.230000,0.489000,127.708000,281.733000
731,2.040000,0.480000,212.566000,371.561000
732,1.160000,0.510000,32.739000,291.184000
733,1.990000,1.880000,41.759000,339.872000
734,1.220000,0.600000,189.715000,315.702000
735,1.560000,1.200000,562.047000,372.982000
736,1.220000,0.470000,421.471000,640.615000
737,1.729000,1.941000,278.444000,346.292000
738,1.740000,0.700000,172.675000,357.941000
739,1.650000,0.500000,167.937000,341.731000
740,1.600000,1.730000,168.446000,367.011000
741,1.451000,0.631000,401.540000,362.041000
742,1.851000,1.000000,224.664000,277.363000
743,1.449000,0.471000,220.574000,394.241000
744,1.520000,0.480000,282.193000,339.383000
745,1.190000,0.500000,215.265000,401.941000
746,1.630000,0.691000,246.365000,313.042000
747,1.330000,0.501000,326.062000,553.017000
748,1.370000,0.580000,123.348000,338.731000
749,1.699000,0.490000,392.262000,338.331000
750,1.420000,0.620000,121.096000,341.102000
751,1.680000,0.530000,206.335000,373.281000
752,1.339000,0.710000,144.798000,373.361000
753,1.381000,0.480000,72.699000,298.193000
754,1.620000,0.680000,279.384000,372.360000
755,1.280000,0.469000,182.496000,334.573000
756,1.339000,0.870000,190.135000,574.116000
757,1.760000,1.430000,244.384000,308.583000
758,1.430000,0.480000,281.494000,381.311000
759,1.480000,1.070000,363.252000,407.880000
760,1.460000,0.650000,26.629000,357.321000
761,1.420000,1.120000,41.459000,338.951000
762,1.499000,1.339000,526.488000,384.482000
763,1.330000,0.490000,88.898000,340.252000
764,1.360000,0.610000,83.927000,391.112000
765,1.980000,1.170000,51.609000,591.616000
766,1.360000,0.501000,247.323000,543.417000
767,1.400000,0.469000,67.248000,369.081000
768,1.499000,0.480000,76.558000,329.983000
769,1.210000,0.490000,91.028000,306.413000
770,1.471000,0.620000,96.508000,273.005000
771,1.539000,0.490000,233.283000,314.073000
772,1.250000,0.490000,182.425000,330.044000
773,1.339000,0.480000,234.245000,538.357000
774,1.940000,1.350000,235.654000,404.821000
775,1.550000,0.490000,160.386000,265.004000
776,1.570000,0.890000,23.889000,303.513000
777,1.400000,0.491000,319.774000,363.781000
778,1.310000,0.461000,128.986000,377.922000
779,1.570000,0.800000,44.239000,336.382000
780,1.550000,0.490000,147.726000,332.112000
781,1.260000,1.280000,187.296000,606.255000
782,1.660000,0.470000,165.467000,301.282000
783,1.360000,0.620000,112.857000,355.183000
784,1.760000,0.480000,153.416000,358.643000
785,1.670000,1.510000,136.276000,322.283000
786,1.780000,0.660000,373.831000,416.931000
787,1.629000,0.480000,153.807000,315.563000
788,1.440000,0.610000,371.091000,452.850000
789,1.390000,0.631000,270.685000,310.432000
790,1.779000,0.660000,95.536000,307.492000
791,1.450000,0.520000,103.859000,307.543000
792,1.650000,0.520000,53.368000,343.502000
793,1.360000,0.500000,115.298000,393.231000
794,2.000000,1.750000,207.795000,346.682000
795,1.850000,0.710000,37.059000,368.921000
796,1.339000,0.480000,45.878000,356.223000
797,1.619000,1.530000,352.622000,324.482000
798,1.581000,1.320000,287.533000,339.082000
799,1.280000,0.500000,379.681000,289.843000
800,1.410000,0.480000,247.515000,279.113000
801,1.460000,0.560000,267.644000,349.282000
802,1.339000,0.490000,255.034000,406.111000
803,1.419000,0.480000,73.678000,345.652000
804,1.280000,0.500000,118.278000,323.432000
805,1.460000,1.140000,54.239000,302.932000
806,1.131000,0.459000,1495.875000,402.661000
807,1.229000,0.700000,55.078000,321.472000
808,1.450000,0.590000,605.736000,344.582000
809,1.470000,0.500000,35.800000,328.151000
810,1.870000,1.809000,123.346000,378.391000
811,1.291000,0.520000,257.214000,351.702000
812,1.419000,0.779000,119.978000,344.681000
813,1.550000,0.480000,287.224000,331.312000
814,1.231000,0.611000,347.331000,382.221000
815,1.280000,0.490000,123.448000,340.811000
816,1.520000,1.529000,137.508000,319.303000
817,1.490000,0.480000,52.008000,294.783000
818,1.500000,0.720000,380.262000,379.890000
819,1.621000,1.280000,937.208000,403.471000
820,1.350000,0.500000,243.384000,383.101000
821,1.300000,0.581000,77.737000,342.492000
822,1.659000,0.611000,198.355000,315.931000
823,1.630000,0.510000,241.075000,405.000000
824,1.360000,0.549000,213.364000,625.115000
825,1.291000,0.541000,546.027000,338.193000
826,1.211000,0.480000,167.067000,302.433000
827,1.410000,0.520000,182.176000,213.075000
828,1.800000,1.030000,154.647000,361.522000
829,1.260000,0.490000,88.478000,341.352000
830,1.520000,0.501000,128.166000,374.832000
831,1.450000,0.501000,132.197000,332.783000
832,1.230000,0.501000,321.272000,361.251000
833,1.400000,0.529000,62.609000,369.511000
834,1.480000,0.610000,45.869000,342.881000
835,1.630000,0.740000,28.759000,331.563000
836,1.210000,0.520000,373.091000,408.970000
837,1.380000,0.470000,353.312000,414.030000
838,1.360000,0.530000,52.269000,330.842000
839,1.390000,0.820000,296.013000,361.522000
840,1.260000,0.490000,332.093000,406.520000
841,1.320000,0.480000,69.269000,364.921000
842,1.570000,0.680000,43.899000,284.263000
843,1.110000,0.489000,463.290000,371.321000
844,1.330000,0.480000,96.008000,273.612000
845,1.419000,0.459000,119.677000,597.766000
846,1.560000,1.120000,236.505000,273.932000
847,1.220000,0.470000,170.006000,404.450000
848,1.280000,0.520000,175.117000,346.782000
849,1.029000,0.480000,229.195000,289.904000
850,1.421000,0.480000,278.544000,396.691000
851,1.190000,0.499000,69.479000,280.523000
852,1.649000,1.620000,33.699000,344.042000
853,1.650000,0.609000,53.549000,331.841000
854,1.370000,0.470000,146.116000,316.274000
855,1.460000,0.540000,253.464000,371.791000
856,1.250000,0.520000,385.370000,332.061000
857,1.200000,0.499000,216.654000,334.392000
858,1.240000,0.470000,33.478000,298.753000
859,1.459000,0.581000,126.466000,376.022000
860,1.570000,0.621000,204.915000,239.886000
861,1.700000,1.630000,21.510000,322.503000
862,1.560000,0.600000,22.030000,402.141000
863,1.330000,0.471000,141.106000,340.923000
864,1.560000,0.621000,46.858000,324.762000
865,1.689000,1.210000,318.611000,395.211000
866,1.170000,0.501000,274.973000,425.440000
867,1.540000,0.600000,38.979000,527.628000
868,1.221000,0.490000,150.025000,324.702000
869,1.579000,0.589000,273.734000,312.313000
870,1.400000,0.480000,225.654000,282.104000
871,1.579000,0.710000,75.268000,338.222000
872,1.579000,0.520000,111.047000,333.563000
873,1.430000,0.570000,492.650000,389.781000
874,1.320000,0.720000,99.109000,308.463000
875,1.350000,0.520000,294.903000,566.926000
876,1.430000,0.570000,159.307000,333.563000
877,1.350000,0.470000,336.712000,650.145000
878,1.580000,0.600000,97.649000,369.551000
879,1.469000,1.600000,304.893000,407.151000
880,1.411000,0.550000,108.318000,388.652000
881,1.690000,1.640000,156.847000,331.782000
882,1.510000,0.560000,254.375000,321.284000
883,1.650000,0.600000,285.304000,356.152000
884,1.529000,0.531000,185.915000,313.842000
885,1.370000,0.470000,85.428000,546.657000
886,1.920000,1.410000,179.506000,357.682000
887,1.480000,0.610000,28.830000,338.484000
888,1.430000,0.600000,321.233000,412.550000
889,1.541000,0.551000,254.955000,336.721000
890,1.659000,0.650000,110.507000,320.833000
891,1.280000,0.580000,109.138000,337.262000
892,1.990000,1.360000,73.827000,341.842000
893,1.640000,0.520000,86.218000,311.421000
894,1.600000,0.870000,387.941000,394.651000
895,1.449000,0.490000,346.733000,373.852000
896,1.499000,0.520000,75.068000,378.260000
897,1.831000,0.590000,89.937000,290.644000
898,1.730000,0.540000,315.413000,356.011000
899,1.290000,0.660000,211.235000,359.922000
900,1.550000,0.820000,37.849000,371.482000
901,1.240000,0.480000,107.857000,321.363000
902,1.550000,0.499000,136.058000,362.871000
903,1.290000,0.480000,121.638000,288.863000
904,1.349000,0.579000,574.497000,295.263000
905,1.680000,1.311000,370.701000,404.041000
906,1.901000,0.680000,237.844000,261.735000
907,1.320000,0.471000,430.540000,355.392000
908,1.299000,0.609000,145.747000,377.491000
909,1.520000,0.490000,47.828000,373.492000
910,1.450000,1.650000,279.493000,290.903000
911,1.690000,0.580000,290.803000,397.730000
912,1.480000,0.600000,227.134000,374.732000
913,1.720000,0.640000,358.093000,384.591000
914,1.459000,0.491000,232.295000,304.163000
915,1.509000,0.570000,32.209000,310.132000
916,1.440000,0.510000,22.020000,361.751000
917,1.420000,0.490000,384.711000,382.151000
918,1.480000,0.620000,296.722000,319.802000
919,1.400000,0.610000,321.623000,301.572000
920,1.320000,0.509000,191.066000,359.212000
921,1.570000,0.600000,310.872000,357.002000
922,1.310000,0.460000,245.034000,395.000000
923,1.611000,0.469000,374.722000,554.598000
924,1.400000,0.611000,121.247000,644.055000
925,1.530000,1.100000,64.878000,310.874000
926,1.470000,0.480000,256.964000,559.678000
927,1.460000,0.510000,66.538000,349.031000
928,1.720000,0.830000,320.742000,531.078000
929,1.440000,0.740000,296.743000,592.237000
930,1.510000,0.480000,243.674000,321.862000
931,1.420000,0.490000,240.444000,277.653000
932,1.400000,0.620000,442.909000,389.011000
933,1.390000,0.590000,240.895000,277.993000
934,1.819000,0.870000,159.106000,358.592000
935,1.850000,1.529000,413.591000,400.771000
936,1.700000,0.480000,167.286000,328.642000
937,1.190000,0.511000,413.310000,410.290000
938,1.580000,0.510000,124.728000,373.761000
939,1.340000,0.590000,118.307000,284.692000
940,1.789000,0.590000,31.360000,326.661000
941,1.569000,1.181000,274.122000,624.046000
942,1.590000,0.490000,301.302000,337.843000
943,1.250000,0.520000,388.180000,356.613000
944,1.480000,0.699000,133.547000,328.513000
945,1.480000,0.490000,120.857000,344.672000
946,1.600000,0.741000,70.277000,371.911000
947,1.391000,0.590000,49.148000,332.681000
948,1.410000,0.630000,33.489000,570.306000
949,1.851000,0.699000,206.134000,330.943000
950,1.480000,0.611000,36.669000,337.432000
951,1.350000,0.580000,179.755000,400.390000
952,1.280000,0.510000,377.852000,408.890000
953,1.670000,0.730000,338.063000,376.300000
954,1.331000,0.689000,100.257000,330.812000
955,1.230000,0.510000,25.649000,345.511000
956,1.400000,0.520000,27.699000,319.482000
957,1.690000,0.490000,100.078000,271.224000
958,1.250000,0.511000,313.901000,353.423000
959,1.610000,1.360000,151.957000,266.644000
960,1.290000,0.590000,70.499000,335.952000
961,1.680000,1.739000,90.567000,429.880000
962,1.741000,0.730000,53.418000,613.626000
963,1.101000,0.570000,109.736000,360.751000
964,1.499000,0.619000,55.679000,334.512000
965,2.000000,0.590000,233.845000,394.861000
966,1.520000,0.621000,383.381000,483.419000
967,1.370000,0.570000,490.519000,392.640000
968,1.240000,0.600000,350.241000,406.801000
969,1.741000,0.579000,401.211000,428.200000
970,1.790000,0.870000,45.889000,387.431000
971,1.460000,0.600000,110.916000,364.811000
972,1.840000,1.530000,103.197000,256.994000
973,1.929000,1.570000,60.948000,325.383000
974,1.910000,0.700000,29.599000,381.771000
975,1.300000,0.540000,378.332000,356.561000
976,1.861000,0.569000,234.285000,366.832000
977,1.550000,0.920000,232.385000,333.851000
978,1.819000,0.811000,537.697000,366.082000
979,1.730000,0.849000,415.920000,453.240000
980,1.890000,0.700000,162.906000,365.022000
981,1.400000,0.720000,97.379000,325.712000
982,1.190000,0.450000,128.578000,364.320000
983,1.220000,0.460000,245.555000,264.664000
984,1.210000,0.490000,171.675000,320.541000
985,1.220000,0.461000,88.478000,331.502000
986,1.960000,1.061000,120.067000,372.151000
987,1.460000,0.560000,222.415000,307.912000
988,1.410000,0.640000,425.510000,353.382000
989,1.301000,0.449000,514.127000,388.381000
990,1.720000,0.520000,355.871000,374.091000
991,1.310000,0.541000,130.728000,305.683000
992,1.610000,0.629000,382.492000,433.100000
993,1.850000,0.620000,279.933000,410.771000
994,1.520000,0.840000,48.578000,324.992000
995,1.760000,1.080000,34.890000,271.893000
996,1.510000,0.550000,132.077000,351.362000
997,1.600000,0.550000,344.082000,383.791000
998,1.420000,0.560000,173.707000,373.701000
999,1.450000,0.560000,39.258000,337.561000
