round,query,latency_us
0,0,193.785000
0,1,217.556000
0,2,193.925000
0,3,186.697000
0,4,182.568000
0,5,202.635000
0,6,183.866000
0,7,150.827000
0,8,217.726000
0,9,229.105000
0,10,214.035000
0,11,200.815000
0,12,206.196000
0,13,202.415000
0,14,238.665000
0,15,183.617000
0,16,195.916000
0,17,160.436000
0,18,193.175000
0,19,187.045000
0,20,148.817000
0,21,206.305000
0,22,208.937000
0,23,182.926000
0,24,232.525000
0,25,199.315000
0,26,201.116000
0,27,166.087000
0,28,222.864000
0,29,183.396000
0,30,191.886000
0,31,169.196000
0,32,176.286000
0,33,201.995000
0,34,180.236000
0,35,179.396000
0,36,164.777000
0,37,229.965000
0,38,247.945000
0,39,210.436000
0,40,138.908000
0,41,200.235000
0,42,210.164000
0,43,178.606000
0,44,213.896000
0,45,215.937000
0,46,205.065000
0,47,199.457000
0,48,230.023000
0,49,204.056000
0,50,199.655000
0,51,194.525000
0,52,176.086000
0,53,210.476000
0,54,223.095000
0,55,134.988000
0,56,215.465000
0,57,200.915000
0,58,210.676000
0,59,223.076000
0,60,163.217000
0,61,141.428000
0,62,223.945000
0,63,189.326000
0,64,195.546000
0,65,179.807000
0,66,212.617000
0,67,176.787000
0,68,225.925000
0,69,235.015000
0,70,182.857000
0,71,177.196000
0,72,198.086000
0,73,183.816000
0,74,218.695000
0,75,228.636000
0,76,159.086000
0,77,255.655000
0,78,220.025000
0,79,238.765000
0,80,194.186000
0,81,229.216000
0,82,221.005000
0,83,219.575000
0,84,201.287000
0,85,165.726000
0,86,153.706000
0,87,201.075000
0,88,181.297000
0,89,192.516000
0,90,202.855000
0,91,211.996000
0,92,194.816000
0,93,204.545000
0,94,191.796000
0,95,184.166000
0,96,142.617000
0,97,169.766000
0,98,186.626000
0,99,195.295000
