cycle,update_changed_us,restore_us,remove_us,readd_us
0,635.285000,507.719000,19.630000,471.300000
1,630.446000,517.367000,6.500000,466.219000
2,549.448000,337.762000,15.100000,283.794000
3,773.782000,557.536000,12.179000,464.129000
4,542.737000,363.282000,4.129000,400.790000
5,687.583000,446.949000,1.840000,349.213000
6,606.656000,421.781000,6.890000,332.312000
7,686.693000,468.589000,11.410000,367.791000
8,553.527000,341.031000,3.840000,278.504000
9,706.983000,490.948000,3.171000,344.741000
10,732.124000,478.918000,7.989000,374.061000
11,629.695000,429.300000,7.260000,328.912000
12,614.666000,418.489000,11.540000,330.761000
13,716.844000,455.620000,9.040000,386.071000
14,653.654000,441.720000,2.259000,368.410000
15,707.574000,465.039000,1.710000,341.751000
16,660.845000,436.640000,13.731000,351.001000
17,610.495000,400.080000,2.790000,320.073000
18,702.783000,454.659000,2.729000,347.692000
19,534.178000,331.622000,1.570000,258.734000
20,707.332000,471.999000,2.120000,359.332000
21,625.106000,380.211000,1.130000,351.481000
22,516.598000,327.112000,3.039000,274.774000
23,531.187000,280.274000,9.710000,281.984000
24,649.366000,361.650000,17.899000,294.263000
25,594.556000,334.683000,5.969000,345.052000
26,602.086000,362.311000,4.240000,281.702000
27,721.363000,400.321000,2.751000,315.624000
28,473.318000,233.315000,12.830000,214.225000
29,604.557000,285.773000,4.699000,240.535000
30,464.690000,283.004000,15.890000,262.972000
31,735.623000,432.270000,2.700000,310.592000
32,724.453000,423.641000,2.621000,347.312000
33,468.769000,238.385000,4.990000,269.374000
34,634.315000,382.031000,2.030000,301.633000
35,701.404000,431.070000,17.159000,363.741000
36,709.904000,398.470000,3.820000,354.842000
37,674.604000,350.002000,11.350000,310.962000
38,489.469000,268.304000,7.550000,350.901000
39,778.671000,421.140000,4.190000,336.602000
40,662.375000,335.962000,10.880000,303.633000
41,749.401000,412.140000,2.140000,339.143000
42,711.163000,337.923000,8.380000,284.093000
43,592.398000,323.901000,15.239000,308.413000
44,697.272000,397.920000,6.440000,301.674000
45,533.877000,314.063000,2.099000,278.534000
46,590.557000,326.332000,3.710000,248.854000
47,532.937000,272.974000,18.359000,296.544000
48,566.716000,306.153000,5.170000,263.903000
49,651.754000,346.773000,6.429000,291.192000
50,649.105000,443.150000,2.840000,312.494000
51,745.783000,388.340000,6.120000,314.292000
52,550.047000,316.634000,1.790000,327.112000
53,529.678000,310.312000,2.311000,292.173000
54,572.387000,330.522000,4.680000,263.904000
55,646.105000,405.530000,6.800000,335.253000
56,679.623000,348.663000,18.110000,299.672000
57,693.194000,431.650000,11.301000,336.013000
58,626.656000,367.122000,5.629000,334.971000
59,591.446000,358.103000,15.530000,302.563000
60,700.783000,382.250000,13.900000,324.932000
61,521.468000,251.714000,4.790000,234.604000
62,664.585000,368.012000,11.880000,335.143000
63,500.719000,210.344000,5.169000,203.075000
64,582.597000,328.973000,2.210000,247.954000
65,713.984000,405.860000,2.170000,305.792000
66,656.154000,371.302000,3.500000,297.312000
67,637.336000,368.641000,15.080000,303.654000
68,641.444000,349.961000,8.470000,295.323000
69,625.585000,360.502000,6.300000,304.393000
70,660.455000,339.592000,2.539000,295.164000
71,584.616000,278.693000,16.350000,241.095000
72,654.774000,377.512000,3.370000,287.593000
73,585.016000,293.322000,15.250000,243.754000
74,718.743000,381.360000,5.030000,315.143000
75,552.199000,284.454000,10.380000,246.285000
76,574.527000,296.173000,11.050000,229.164000
77,638.505000,358.232000,2.790000,285.154000
78,669.605000,374.231000,2.210000,290.744000
79,713.773000,428.100000,3.160000,365.873000
80,678.505000,333.121000,7.200000,324.073000
81,494.847000,316.023000,8.720000,266.325000
82,648.194000,351.502000,15.430000,326.221000
83,589.516000,313.923000,4.609000,311.211000
84,583.658000,317.992000,5.421000,277.573000
85,489.657000,233.865000,1.960000,192.545000
86,468.209000,221.675000,4.330000,188.176000
87,618.585000,317.733000,14.540000,275.794000
88,503.367000,250.375000,6.489000,225.654000
89,807.671000,443.320000,16.350000,350.382000
90,517.366000,293.784000,14.020000,280.094000
91,750.822000,410.590000,10.430000,321.433000
92,625.875000,336.032000,6.820000,303.572000
93,479.679000,266.735000,2.209000,232.895000
94,577.077000,364.752000,1.429000,274.054000
95,623.815000,332.763000,17.290000,283.733000
96,660.916000,335.533000,6.290000,287.783000
97,636.176000,349.252000,16.980000,291.562000
98,489.239000,224.915000,5.970000,210.675000
99,462.408000,241.695000,8.190000,209.395000
100,695.823000,352.363000,4.749000,299.552000
101,757.523000,398.890000,2.280000,299.301000
102,663.895000,362.722000,3.240000,300.813000
103,689.814000,350.332000,3.179000,290.064000
104,663.565000,353.901000,2.460000,304.343000
105,547.996000,298.033000,1.560000,238.755000
106,561.206000,359.291000,7.929000,235.555000
107,564.298000,326.912000,1.941000,262.003000
108,428.150000,243.355000,7.300000,218.745000
109,593.106000,351.881000,2.160000,338.751000
110,600.587000,294.072000,9.980000,294.473000
111,773.861000,413.050000,4.620000,329.583000
112,828.231000,361.761000,17.990000,329.291000
113,674.125000,372.881000,5.019000,320.014000
114,638.325000,365.281000,4.389000,306.193000
115,719.663000,372.412000,13.520000,325.571000
116,638.596000,356.311000,3.230000,313.573000
117,568.266000,281.034000,4.330000,245.465000
118,653.105000,350.652000,9.299000,300.804000
119,578.227000,313.512000,3.700000,277.733000
120,761.801000,410.960000,1.929000,333.804000
121,585.666000,297.193000,2.320000,247.164000
122,598.858000,315.932000,7.301000,280.083000
123,643.955000,362.901000,3.610000,337.292000
124,639.134000,344.602000,1.471000,266.742000
125,692.175000,394.330000,14.769000,396.152000
126,485.268000,249.874000,3.000000,201.845000
127,590.466000,331.353000,6.480000,279.043000
128,589.685000,298.772000,2.480000,241.675000
129,693.774000,445.570000,0.910000,305.362000
130,661.293000,343.283000,8.020000,323.613000
131,670.065000,348.042000,6.739000,295.843000
132,626.275000,319.352000,6.030000,257.204000
133,618.965000,335.423000,5.271000,272.833000
134,624.627000,325.302000,3.109000,276.824000
135,642.715000,349.442000,3.889000,285.005000
136,518.718000,305.633000,4.260000,280.913000
137,764.263000,407.760000,2.640000,293.222000
138,640.885000,351.703000,11.550000,310.412000
139,655.815000,364.812000,2.640000,284.494000
140,599.776000,335.374000,6.070000,269.094000
141,707.813000,408.320000,2.131000,296.393000
142,528.228000,323.682000,7.140000,262.405000
143,554.276000,304.394000,16.309000,262.844000
144,651.574000,430.630000,3.990000,308.134000
145,745.291000,474.568000,1.450000,317.822000
146,636.166000,362.602000,5.540000,291.822000
147,715.584000,439.690000,1.990000,324.722000
148,519.039000,258.604000,1.370000,202.605000
149,752.002000,442.129000,10.669000,335.853000
150,700.784000,330.332000,5.970000,282.125000
151,698.423000,375.441000,1.690000,329.621000
152,692.984000,380.631000,13.760000,322.722000
153,614.316000,337.892000,4.670000,283.114000
154,671.764000,433.579000,2.040000,332.733000
155,713.934000,400.960000,5.550000,320.282000
156,551.468000,281.833000,3.180000,274.614000
157,574.526000,331.053000,2.020000,276.074000
158,544.337000,299.052000,1.300000,241.164000
159,646.326000,363.331000,3.660000,280.304000
160,626.536000,302.043000,2.480000,264.042000
161,578.467000,295.902000,1.741000,251.674000
162,646.705000,313.853000,2.360000,268.752000
163,723.503000,369.841000,13.340000,345.632000
164,655.335000,371.503000,2.400000,273.643000
165,650.015000,367.471000,3.760000,374.442000
166,660.214000,353.332000,11.540000,305.952000
167,647.585000,234.975000,5.040000,212.485000
168,613.455000,275.734000,16.780000,251.894000
169,748.812000,447.870000,6.510000,350.372000
170,678.954000,344.891000,3.620000,292.504000
171,777.932000,416.180000,1.310000,311.842000
172,579.797000,293.463000,11.960000,271.374000
173,570.437000,295.204000,6.880000,287.423000
174,732.803000,460.889000,2.510000,325.552000
175,695.134000,441.390000,1.990000,320.042000
176,636.426000,327.143000,5.781000,248.854000
177,652.566000,403.150000,9.650000,322.992000
178,650.145000,381.021000,13.520000,286.994000
179,633.046000,361.761000,8.590000,296.334000
180,692.664000,424.090000,12.160000,346.281000
181,589.137000,312.694000,4.960000,272.073000
182,672.494000,364.861000,8.480000,298.623000
183,711.274000,445.889000,2.440000,334.244000
184,502.689000,296.432000,9.480000,264.895000
185,683.165000,386.880000,7.640000,290.302000
186,672.295000,435.290000,8.870000,318.423000
187,680.853000,367.603000,5.180000,291.843000
188,617.786000,360.663000,5.189000,270.524000
189,600.376000,339.062000,3.491000,295.503000
190,620.636000,357.701000,3.640000,258.495000
191,694.034000,372.421000,13.970000,320.142000
192,576.726000,369.681000,6.610000,309.244000
193,494.039000,250.053000,7.460000,227.315000
194,792.342000,460.729000,15.679000,351.812000
195,599.836000,320.872000,6.331000,268.144000
196,539.767000,271.024000,4.410000,221.235000
197,644.385000,432.270000,1.660000,280.533000
198,587.826000,298.552000,4.350000,282.984000
199,551.177000,313.472000,46.180000,256.705000
200,644.096000,322.041000,14.670000,285.684000
201,678.744000,375.151000,10.869000,316.973000
202,582.057000,303.242000,9.610000,307.564000
203,400.811000,246.184000,9.060000,235.455000
204,697.123000,382.920000,9.350000,307.624000
205,556.866000,300.483000,7.861000,280.734000
206,607.576000,348.672000,6.710000,323.923000
207,538.327000,269.984000,2.000000,225.455000
208,607.656000,353.572000,17.379000,296.343000
209,487.599000,246.954000,13.499000,235.144000
210,701.762000,383.322000,9.039000,287.992000
211,754.352000,400.890000,2.941000,327.532000
212,789.061000,402.502000,2.450000,306.472000
213,712.174000,393.470000,7.330000,314.682000
214,447.870000,232.224000,3.780000,190.725000
215,570.087000,302.762000,6.120000,236.565000
216,748.493000,400.821000,5.670000,335.491000
217,429.220000,214.765000,2.771000,266.434000
218,809.591000,428.240000,14.520000,331.472000
219,688.173000,375.852000,4.819000,298.263000
220,646.915000,311.613000,16.078000,282.234000
221,629.694000,365.383000,2.919000,300.543000
222,636.215000,332.003000,1.790000,271.653000
223,638.475000,375.082000,15.519000,315.733000
224,595.717000,310.673000,3.979000,270.303000
225,612.096000,324.393000,3.550000,296.732000
226,644.724000,377.302000,3.560000,301.023000
227,690.064000,367.822000,4.960000,303.433000
228,469.049000,239.514000,16.530000,255.575000
229,588.826000,304.223000,14.380000,270.124000
230,671.784000,385.831000,5.940000,350.461000
231,586.537000,336.352000,2.510000,287.224000
232,502.049000,261.494000,4.570000,234.684000
233,762.993000,467.889000,4.340000,339.383000
234,511.198000,305.662000,9.629000,264.784000
235,733.952000,407.921000,5.719000,310.473000
236,745.882000,484.788000,14.319000,372.412000
237,612.865000,320.802000,12.759000,279.763000
238,652.505000,320.622000,5.970000,270.644000
239,705.965000,426.299000,6.470000,312.092000
240,603.057000,316.772000,4.169000,295.974000
241,390.431000,189.025000,7.480000,173.105000
242,608.195000,313.534000,3.099000,245.945000
243,650.315000,359.411000,1.830000,271.204000
244,585.716000,344.071000,7.929000,294.904000
245,371.881000,204.285000,7.410000,206.065000
246,567.478000,361.481000,2.730000,263.724000
247,675.744000,440.709000,2.770000,339.093000
248,660.124000,356.641000,1.280000,287.723000
249,625.206000,300.713000,4.160000,256.994000
250,720.534000,349.321000,4.090000,302.724000
251,483.589000,261.603000,2.671000,286.294000
252,746.222000,511.499000,4.560000,373.890000
253,707.404000,374.292000,6.110000,307.862000
254,762.851000,414.311000,14.479000,336.561000
255,627.435000,351.293000,5.970000,316.852000
256,635.455000,343.593000,2.981000,272.953000
257,753.943000,387.751000,11.880000,311.463000
258,467.578000,216.145000,2.420000,183.855000
259,816.612000,426.150000,16.510000,335.462000
260,615.795000,301.563000,3.970000,262.994000
261,644.236000,441.799000,2.590000,326.183000
262,464.950000,248.923000,1.440000,199.846000
263,559.477000,295.962000,4.040000,242.245000
264,500.709000,242.505000,4.600000,246.174000
265,628.815000,351.272000,2.661000,283.853000
266,654.584000,365.911000,1.760000,312.432000
267,556.068000,303.502000,3.720000,253.934000
268,640.195000,338.453000,2.730000,277.813000
269,706.884000,381.051000,3.240000,300.663000
270,462.809000,195.226000,7.100000,181.756000
271,650.136000,335.813000,2.090000,267.303000
272,728.363000,384.721000,8.430000,303.914000
273,610.136000,332.972000,3.569000,258.653000
274,508.648000,308.582000,2.021000,272.693000
275,611.426000,352.933000,6.381000,282.992000
276,680.134000,398.741000,5.000000,303.173000
277,770.141000,403.010000,4.810000,317.913000
278,629.095000,313.122000,15.860000,264.474000
279,699.553000,373.182000,18.220000,307.873000
280,568.007000,320.592000,4.209000,280.333000
281,734.462000,365.862000,9.491000,315.792000
282,616.826000,294.203000,12.840000,274.884000
283,495.948000,223.414000,16.780000,271.164000
284,610.576000,314.542000,4.040000,259.794000
285,682.174000,394.041000,5.169000,299.643000
286,528.017000,282.654000,16.970000,239.714000
287,627.896000,362.391000,2.560000,321.192000
288,687.895000,370.653000,15.759000,384.361000
289,575.365000,303.502000,5.840000,298.052000
290,459.540000,207.025000,2.260000,183.436000
291,760.801000,395.871000,1.860000,316.793000
292,396.840000,263.604000,4.859000,212.656000
293,668.624000,332.603000,13.569000,292.293000
294,628.015000,310.033000,4.261000,255.185000
295,647.726000,366.381000,2.160000,302.823000
296,738.022000,400.271000,8.420000,321.073000
297,709.072000,429.741000,2.419000,333.823000
298,692.494000,396.660000,13.410000,301.542000
299,677.114000,360.142000,8.888000,323.133000
300,688.874000,336.342000,5.410000,293.414000
301,578.916000,299.052000,1.720000,245.084000
302,606.565000,344.043000,16.879000,311.853000
303,618.055000,352.032000,2.610000,293.122000
304,610.126000,336.243000,3.630000,303.122000
305,501.169000,308.803000,2.160000,272.703000
306,720.654000,366.931000,16.409000,278.114000
307,722.813000,387.012000,7.819000,435.738000
308,600.947000,319.722000,2.190000,278.154000
309,851.071000,446.310000,3.450000,333.191000
310,590.936000,321.953000,2.819000,251.194000
311,632.195000,315.534000,2.209000,284.855000
312,660.694000,336.753000,15.569000,306.992000
313,656.476000,401.382000,8.309000,281.834000
314,758.732000,427.260000,2.290000,346.462000
315,578.336000,306.973000,4.760000,264.613000
316,633.736000,335.012000,4.310000,318.582000
317,522.738000,272.313000,2.120000,239.315000
318,686.464000,395.931000,2.989000,308.923000
319,562.787000,299.763000,15.539000,321.492000
320,670.554000,353.971000,14.520000,344.082000
321,533.699000,276.283000,7.520000,263.394000
322,540.298000,256.193000,2.890000,210.346000
323,562.267000,330.922000,1.750000,290.163000
324,570.817000,329.472000,3.911000,304.662000
325,749.803000,409.930000,9.280000,317.692000
326,627.765000,336.763000,7.320000,274.134000
327,678.854000,358.312000,14.849000,290.572000
328,710.833000,370.851000,6.190000,336.803000
329,614.675000,251.214000,17.490000,218.354000
330,631.116000,292.713000,4.731000,318.072000
331,742.923000,396.591000,1.340000,294.473000
332,667.294000,323.023000,14.330000,288.273000
333,641.534000,345.402000,8.200000,280.473000
334,577.977000,309.392000,4.190000,266.744000
335,594.566000,445.330000,2.589000,308.962000
336,523.988000,260.674000,7.170000,238.874000
337,617.146000,363.392000,2.320000,277.653000
338,661.454000,344.492000,9.550000,309.472000
339,734.493000,409.151000,4.539000,308.624000
340,730.813000,367.261000,4.011000,320.632000
341,682.163000,380.281000,6.910000,341.573000
342,650.964000,320.443000,1.940000,263.504000
343,701.033000,375.341000,9.219000,299.163000
344,610.347000,340.581000,6.530000,308.642000
345,509.459000,240.505000,3.250000,212.376000
346,750.511000,396.061000,13.600000,326.174000
347,702.475000,409.350000,2.280000,303.683000
348,443.069000,182.656000,1.150000,149.148000
349,573.386000,324.112000,4.709000,254.405000
350,546.678000,296.293000,2.731000,334.363000
351,456.939000,211.705000,4.570000,194.865000
352,798.392000,430.859000,2.030000,306.624000
353,447.618000,224.695000,2.270000,194.416000
354,682.984000,388.581000,10.160000,355.582000
355,644.975000,347.942000,2.290000,306.973000
356,569.788000,305.302000,1.920000,262.874000
357,595.835000,315.323000,10.440000,264.733000
358,634.065000,344.381000,4.360000,261.994000
359,676.404000,405.090000,5.560000,305.912000
360,680.395000,343.051000,2.370000,266.124000
361,556.797000,272.024000,1.131000,220.024000
362,658.944000,425.000000,1.570000,309.482000
363,667.955000,358.961000,1.090000,298.044000
364,707.633000,400.271000,0.940000,290.054000
365,601.956000,339.922000,5.050000,296.273000
366,637.255000,348.791000,1.730000,277.504000
367,673.814000,364.711000,11.900000,327.982000
368,622.985000,324.123000,2.480000,302.272000
369,521.927000,267.684000,3.080000,257.363000
370,758.902000,364.191000,15.700000,307.833000
371,583.907000,278.334000,3.880000,243.545000
372,645.655000,357.081000,10.150000,293.884000
373,588.178000,318.712000,4.320000,260.183000
374,616.706000,323.112000,1.549000,264.264000
375,582.096000,372.463000,2.811000,313.502000
376,586.746000,343.252000,2.150000,272.964000
377,782.641000,525.588000,2.240000,360.461000
378,732.932000,412.300000,4.410000,319.263000
379,824.141000,406.261000,16.120000,312.663000
380,644.905000,315.652000,5.010000,282.014000
381,673.205000,364.371000,1.729000,294.062000
382,587.256000,283.592000,1.211000,426.580000
383,627.195000,333.673000,6.240000,270.464000
384,716.323000,400.080000,2.510000,331.033000
385,567.866000,287.413000,3.570000,233.865000
386,626.595000,345.442000,4.769000,286.934000
387,657.655000,379.951000,2.040000,281.802000
388,569.928000,291.863000,10.869000,256.475000
389,666.395000,376.441000,13.280000,301.463000
390,583.307000,288.663000,3.830000,242.574000
391,611.705000,319.613000,2.110000,298.363000
392,694.934000,373.671000,9.099000,319.153000
393,575.627000,307.153000,3.400000,264.423000
394,543.498000,274.493000,3.040000,213.725000
395,596.287000,311.472000,2.970000,273.415000
396,716.673000,398.811000,6.299000,305.402000
397,591.685000,371.602000,6.630000,285.732000
398,737.414000,401.841000,7.570000,330.432000
399,659.004000,390.721000,14.440000,318.923000
400,469.419000,254.494000,10.210000,209.225000
401,579.076000,286.194000,2.140000,245.555000
402,704.243000,369.261000,1.020000,287.102000
403,546.948000,283.565000,5.629000,257.433000
404,588.937000,331.342000,2.700000,263.864000
405,670.815000,392.931000,14.050000,337.182000
406,582.196000,328.364000,9.390000,263.233000
407,524.598000,311.263000,1.880000,275.654000
408,492.428000,320.733000,3.320000,273.973000
409,590.706000,304.542000,3.621000,249.044000
410,674.095000,360.771000,10.310000,322.072000
411,561.927000,312.541000,6.140000,256.754000
412,621.125000,341.661000,4.861000,289.453000
413,698.994000,394.621000,5.141000,315.512000
414,649.585000,341.123000,11.030000,346.311000
415,615.916000,373.282000,4.090000,300.052000
416,622.005000,333.134000,1.680000,256.693000
417,584.917000,330.882000,17.750000,287.754000
418,607.155000,381.761000,10.100000,334.643000
419,574.697000,289.994000,3.629000,235.474000
420,618.936000,335.722000,3.770000,286.202000
421,689.014000,377.682000,2.080000,299.283000
422,575.646000,285.094000,1.310000,247.114000
423,729.812000,385.391000,14.050000,306.893000
424,610.126000,356.281000,2.450000,266.274000
425,590.656000,335.812000,6.730000,267.202000
426,636.725000,368.022000,12.628000,317.603000
427,542.457000,291.763000,13.040000,252.654000
428,530.688000,377.070000,17.489000,283.204000
429,331.392000,201.586000,16.070000,212.315000
430,757.401000,380.722000,10.939000,355.701000
431,697.944000,379.920000,2.830000,273.794000
432,629.345000,355.371000,5.040000,273.564000
433,682.784000,335.932000,16.670000,303.903000
434,662.594000,373.130000,4.571000,277.634000
435,499.549000,251.505000,4.050000,235.153000
436,524.968000,322.173000,2.870000,321.583000
437,661.465000,386.921000,1.740000,295.333000
438,694.953000,362.242000,16.449000,300.112000
439,432.399000,196.085000,10.530000,211.705000
440,629.045000,289.134000,7.499000,270.245000
441,635.705000,286.753000,6.959000,264.374000
442,661.615000,345.521000,2.110000,285.474000
443,650.715000,341.641000,1.299000,300.843000
444,641.345000,355.161000,5.320000,273.724000
445,580.726000,323.943000,2.080000,254.913000
446,676.994000,379.082000,23.648000,319.463000
447,756.112000,393.622000,4.899000,323.381000
448,653.085000,383.861000,3.220000,292.883000
449,699.354000,417.040000,13.320000,324.402000
450,617.406000,351.271000,18.749000,284.213000
451,508.808000,272.064000,13.920000,335.021000
452,606.185000,291.354000,3.301000,253.704000
453,560.676000,258.735000,4.949000,221.376000
454,845.319000,367.001000,18.771000,313.462000
455,442.731000,237.354000,20.960000,246.184000
456,691.324000,378.761000,5.220000,298.294000
457,687.644000,398.491000,11.530000,303.453000
458,636.415000,564.747000,9.230000,371.901000
459,665.814000,356.382000,3.070000,283.713000
460,735.313000,449.729000,2.260000,321.762000
461,601.616000,304.414000,6.250000,269.284000
462,628.665000,320.922000,6.619000,312.494000
463,565.756000,282.603000,6.731000,243.784000
464,615.506000,338.453000,7.050000,261.424000
465,603.526000,350.381000,11.390000,358.041000
466,607.166000,327.713000,3.040000,261.274000
467,577.776000,299.393000,1.509000,277.413000
468,689.634000,387.111000,7.430000,302.604000
469,550.076000,264.804000,8.600000,236.054000
470,749.302000,370.252000,3.940000,312.122000
471,683.175000,344.011000,6.330000,295.094000
472,694.353000,382.122000,15.440000,313.162000
473,541.038000,256.633000,6.230000,214.685000
474,765.262000,445.361000,2.450000,320.272000
475,598.737000,344.473000,3.189000,259.563000
476,706.554000,398.261000,2.849000,307.413000
477,460.269000,250.943000,8.360000,262.604000
478,589.426000,319.263000,10.330000,269.784000
479,661.195000,384.201000,9.538000,331.973000
480,509.329000,263.474000,5.660000,225.365000
481,669.125000,308.883000,4.400000,272.505000
482,578.546000,318.044000,11.189000,303.032000
483,621.675000,299.423000,17.749000,259.974000
484,587.306000,399.360000,8.269000,292.645000
485,742.722000,430.460000,14.680000,320.413000
486,692.573000,424.180000,5.500000,342.772000
487,692.094000,427.820000,1.950000,315.233000
488,661.766000,387.261000,1.510000,323.462000
489,678.945000,320.223000,5.531000,262.433000
490,754.413000,365.091000,6.739000,309.813000
491,742.283000,362.191000,18.559000,330.381000
492,690.313000,385.331000,2.759000,310.083000
493,691.104000,383.530000,4.861000,336.052000
494,608.006000,334.311000,4.280000,275.394000
495,559.927000,294.633000,6.360000,249.454000
496,477.349000,276.593000,2.079000,241.515000
497,533.958000,276.264000,5.290000,295.592000
498,667.664000,378.100000,2.030000,296.373000
499,641.645000,396.211000,1.350000,313.333000
500,578.646000,401.021000,2.549000,248.945000
501,554.717000,256.124000,5.929000,221.345000
502,661.154000,375.441000,1.720000,310.393000
503,717.514000,401.642000,8.419000,338.502000
504,559.307000,265.594000,4.299000,326.582000
505,594.336000,307.743000,16.550000,253.894000
506,633.575000,339.031000,4.970000,290.063000
507,631.604000,325.333000,16.520000,295.843000
508,522.927000,285.644000,12.490000,240.064000
509,773.412000,403.510000,8.300000,306.853000
510,607.296000,371.302000,3.290000,306.642000
511,539.518000,322.662000,5.850000,311.713000
512,685.584000,340.433000,13.890000,358.701000
513,595.956000,331.302000,11.640000,291.522000
514,658.205000,364.652000,4.280000,277.983000
515,572.667000,302.354000,3.100000,238.084000
516,629.795000,311.852000,16.860000,273.554000
517,675.944000,359.361000,6.310000,347.302000
518,659.414000,366.392000,3.480000,321.653000
519,662.344000,393.490000,2.070000,295.683000
520,697.853000,327.894000,1.541000,273.143000
521,566.187000,273.184000,36.649000,233.055000
522,551.698000,286.892000,17.389000,254.844000
523,661.324000,377.590000,4.460000,342.143000
524,687.123000,395.730000,6.560000,351.833000
525,740.152000,385.591000,16.310000,334.842000
526,521.957000,252.094000,7.999000,225.616000
527,715.213000,389.521000,5.090000,303.702000
528,671.494000,361.842000,2.000000,278.164000
529,636.245000,351.202000,1.200000,314.053000
530,602.336000,345.742000,2.371000,288.912000
531,579.947000,280.413000,7.120000,243.974000
532,571.366000,287.683000,5.450000,294.334000
533,590.426000,308.152000,4.690000,253.034000
534,657.015000,382.042000,2.070000,351.193000
535,641.735000,322.362000,2.130000,279.673000
536,630.786000,326.322000,14.109000,284.224000
537,653.735000,373.071000,2.540000,277.764000
538,636.136000,311.563000,7.599000,264.173000
539,692.074000,357.161000,3.210000,285.384000
540,652.395000,391.970000,8.819000,307.913000
541,738.733000,355.632000,2.890000,278.793000
542,556.228000,268.334000,7.839000,290.164000
543,664.645000,327.532000,16.659000,292.513000
544,763.612000,426.990000,17.749000,346.712000
545,655.364000,362.661000,5.160000,315.643000
546,464.599000,209.385000,2.150000,175.455000
547,561.026000,266.374000,3.180000,220.525000
548,573.387000,300.093000,1.520000,245.284000
549,598.346000,311.164000,2.360000,237.154000
550,606.906000,286.764000,3.710000,286.872000
551,589.097000,275.763000,6.620000,249.515000
552,778.793000,420.090000,3.159000,320.812000
553,691.064000,379.020000,3.160000,289.684000
554,726.732000,344.311000,16.310000,314.643000
555,705.992000,345.233000,9.230000,303.432000
556,688.314000,371.571000,5.220000,294.804000
557,611.225000,308.364000,4.990000,261.905000
558,408.891000,266.083000,5.880000,250.394000
559,641.955000,354.992000,5.131000,260.663000
560,672.744000,350.112000,2.540000,297.683000
561,676.985000,344.791000,1.640000,275.684000
562,581.546000,271.434000,4.760000,356.591000
563,654.255000,341.472000,3.181000,288.883000
564,758.172000,410.390000,2.970000,509.389000
565,598.886000,302.884000,3.050000,254.813000
566,718.544000,368.872000,20.119000,287.374000
567,686.385000,381.921000,14.280000,315.422000
568,546.118000,272.113000,9.230000,235.465000
569,460.980000,248.104000,4.780000,262.385000
570,631.685000,336.193000,2.419000,286.103000
571,663.804000,330.513000,3.280000,286.392000
572,679.924000,361.032000,3.938000,293.834000
573,522.999000,242.925000,3.180000,255.693000
574,630.255000,345.472000,2.781000,264.453000
575,713.993000,405.781000,1.769000,308.563000
576,800.111000,412.520000,5.890000,322.633000
577,757.882000,443.569000,3.630000,301.683000
578,670.134000,375.551000,7.840000,304.774000
579,635.945000,334.402000,2.280000,259.735000
580,748.893000,389.840000,13.090000,337.081000
581,674.694000,354.843000,3.109000,290.942000
582,531.949000,278.792000,13.451000,240.684000
583,462.189000,220.265000,2.520000,196.715000
584,424.849000,253.015000,4.190000,223.515000
585,698.293000,408.120000,14.120000,340.404000
586,613.265000,328.761000,2.731000,256.184000
587,502.178000,227.645000,3.980000,222.945000
588,487.618000,251.314000,6.070000,324.533000
589,630.205000,361.872000,7.720000,300.683000
590,649.155000,358.182000,5.749000,274.744000
591,532.707000,249.204000,3.821000,440.439000
592,767.082000,432.110000,4.050000,329.853000
593,665.353000,341.333000,2.591000,284.803000
594,578.237000,299.852000,6.210000,261.524000
595,654.075000,359.731000,4.240000,282.573000
596,603.805000,338.043000,9.619000,282.633000
597,590.777000,331.251000,2.320000,314.212000
598,804.933000,356.442000,5.230000,292.203000
599,642.405000,336.413000,2.271000,395.120000
600,650.345000,339.711000,3.970000,294.414000
601,622.455000,322.722000,3.609000,311.253000
602,666.755000,345.772000,2.600000,275.163000
603,657.845000,376.491000,5.350000,318.712000
604,666.634000,420.811000,3.651000,318.983000
605,678.214000,388.540000,6.000000,346.391000
606,553.296000,323.804000,1.939000,233.905000
607,604.136000,295.172000,3.310000,261.604000
608,546.988000,295.233000,17.080000,256.444000
609,674.925000,366.981000,3.160000,281.693000
610,611.186000,325.442000,2.600000,262.674000
611,573.856000,287.664000,2.771000,305.023000
612,560.008000,266.932000,1.720000,227.414000
613,675.754000,364.201000,9.950000,322.782000
614,561.437000,261.484000,9.790000,228.224000
615,407.331000,208.185000,7.990000,190.666000
616,532.667000,290.434000,7.030000,273.554000
617,655.934000,370.362000,3.200000,275.532000
618,596.486000,336.491000,2.620000,290.133000
619,634.666000,357.761000,2.760000,269.644000
620,679.514000,340.941000,10.110000,311.983000
621,621.446000,317.952000,2.560000,250.663000
622,633.626000,323.322000,2.220000,284.933000
623,636.164000,341.004000,7.749000,308.393000
624,580.436000,303.893000,3.019000,235.804000
625,634.535000,347.641000,1.130000,265.014000
626,701.614000,396.530000,7.049000,297.714000
627,600.836000,313.592000,4.449000,310.863000
628,759.372000,497.899000,4.240000,370.801000
629,708.034000,452.700000,23.760000,392.381000
630,646.636000,333.933000,6.290000,299.742000
631,635.505000,348.112000,2.880000,282.723000
632,600.838000,321.053000,1.600000,344.442000
633,525.438000,287.334000,4.010000,227.615000
634,762.862000,450.309000,15.999000,363.652000
635,621.355000,310.704000,2.720000,248.724000
636,620.926000,324.193000,7.750000,284.885000
637,632.695000,348.031000,3.370000,272.634000
638,664.184000,336.292000,4.419000,307.233000
639,551.766000,274.004000,2.130000,226.155000
640,541.387000,255.915000,8.909000,318.713000
641,641.945000,338.802000,6.520000,279.094000
642,737.042000,385.170000,2.450000,324.553000
643,708.832000,462.168000,13.509000,343.943000
644,627.595000,413.210000,4.370000,295.783000
645,707.943000,441.759000,3.080000,321.152000
646,656.155000,368.571000,1.960000,291.854000
647,633.305000,357.371000,3.960000,266.474000
648,686.225000,398.451000,13.680000,307.093000
649,393.390000,202.056000,9.650000,179.816000
650,737.052000,335.673000,4.930000,313.442000
651,861.539000,411.050000,5.430000,330.842000
652,608.436000,294.443000,2.090000,236.155000
653,650.435000,366.932000,1.540000,349.282000
654,836.270000,542.118000,3.299000,294.932000
655,621.165000,324.473000,3.680000,281.213000
656,476.169000,224.135000,7.720000,208.715000
657,703.834000,378.220000,2.619000,276.805000
658,628.235000,336.803000,4.769000,269.784000
659,445.220000,215.475000,1.920000,187.575000
660,566.476000,251.254000,4.160000,217.095000
661,659.694000,326.072000,3.120000,286.323000
662,682.295000,331.003000,14.949000,349.221000
663,692.744000,378.721000,4.249000,307.894000
664,632.085000,361.171000,5.820000,289.393000
665,559.017000,278.914000,13.340000,258.254000
666,662.514000,355.940000,5.259000,313.923000
667,679.684000,367.911000,1.800000,313.843000
668,713.404000,329.482000,6.440000,293.033000
669,570.646000,289.864000,8.850000,247.693000
670,700.923000,379.421000,11.470000,326.972000
671,487.399000,195.135000,4.049000,209.144000
672,789.911000,444.060000,6.490000,379.771000
673,530.518000,248.655000,13.719000,236.634000
674,564.907000,351.342000,3.179000,246.064000
675,646.135000,366.011000,6.620000,288.524000
676,675.714000,465.629000,6.399000,332.463000
677,594.836000,355.973000,6.328000,295.643000
678,642.945000,375.732000,4.280000,300.763000
679,680.844000,406.181000,2.231000,317.421000
680,542.886000,277.923000,1.640000,284.013000
681,592.496000,339.382000,3.569000,294.503000
682,593.066000,320.052000,1.350000,263.654000
683,628.805000,343.681000,1.010000,247.334000
684,740.184000,398.720000,18.240000,313.731000
685,710.075000,386.790000,9.780000,331.433000
686,636.625000,364.882000,11.320000,283.333000
687,771.762000,394.210000,16.350000,335.622000
688,508.588000,251.225000,5.040000,235.803000
689,550.978000,283.374000,4.079000,235.114000
690,469.419000,213.725000,2.411000,203.316000
691,618.185000,302.763000,5.049000,269.464000
692,571.617000,288.914000,5.230000,260.284000
693,688.424000,396.761000,12.030000,351.971000
694,718.374000,393.292000,2.440000,355.401000
695,501.059000,308.971000,6.829000,267.455000
696,727.662000,409.462000,2.430000,292.223000
697,710.725000,476.449000,4.370000,356.982000
698,602.926000,325.971000,14.300000,295.673000
699,457.630000,227.035000,4.311000,230.335000
700,688.403000,366.961000,1.820000,299.433000
701,500.428000,313.413000,1.830000,301.123000
702,728.954000,379.051000,17.040000,355.561000
703,570.006000,316.053000,28.579000,251.565000
704,601.216000,313.752000,5.859000,278.775000
705,509.178000,262.573000,4.460000,256.904000
706,513.108000,259.924000,14.600000,245.093000
707,663.414000,326.473000,5.890000,266.453000
708,593.126000,340.802000,5.680000,250.624000
709,855.010000,479.329000,1.840000,354.011000
710,520.748000,270.924000,6.340000,246.564000
711,686.544000,337.002000,3.440000,343.422000
712,586.006000,329.212000,5.310000,266.763000
713,658.116000,348.843000,2.929000,269.713000
714,597.047000,366.502000,4.530000,421.920000
715,700.204000,394.322000,15.800000,321.092000
716,579.517000,313.973000,4.870000,267.175000
717,552.746000,322.233000,16.739000,431.480000
718,752.153000,420.030000,3.749000,343.293000
719,651.325000,347.052000,7.310000,365.631000
720,679.572000,379.952000,16.589000,420.431000
721,638.156000,306.242000,3.750000,290.234000
722,789.080000,419.350000,13.451000,335.812000
723,752.333000,427.290000,4.150000,340.752000
724,532.139000,297.282000,4.850000,300.753000
725,670.645000,361.891000,7.780000,299.142000
726,676.505000,376.733000,2.410000,280.114000
727,794.682000,433.200000,8.870000,330.862000
728,687.344000,389.360000,2.780000,291.714000
729,731.552000,400.870000,9.540000,329.813000
730,500.208000,236.564000,7.410000,213.595000
731,696.954000,346.122000,7.659000,298.323000
732,600.346000,354.552000,2.319000,261.655000
733,700.534000,367.581000,2.800000,335.772000
734,494.918000,253.895000,1.899000,194.705000
735,682.744000,352.872000,10.590000,300.104000
736,819.621000,462.599000,9.099000,339.302000
737,578.857000,313.703000,16.409000,256.665000
738,719.292000,379.821000,5.490000,305.223000
739,696.314000,374.401000,2.800000,284.023000
740,700.034000,350.251000,8.839000,296.563000
741,636.894000,327.251000,16.950000,287.894000
742,567.737000,279.773000,9.030000,259.634000
743,818.901000,467.569000,7.760000,351.392000
744,560.826000,293.184000,14.040000,251.384000
745,728.813000,466.899000,6.730000,347.752000
746,577.488000,324.611000,2.530000,260.674000
747,635.625000,331.851000,11.040000,274.934000
748,682.644000,400.430000,5.730000,327.611000
749,702.893000,408.881000,5.120000,301.723000
750,674.464000,340.922000,3.920000,260.134000
751,743.522000,392.702000,3.750000,305.942000
752,668.564000,364.542000,5.419000,305.944000
753,546.947000,285.313000,2.381000,229.064000
754,561.377000,321.971000,7.209000,290.634000
755,464.960000,295.174000,6.230000,278.153000
756,515.969000,298.932000,5.930000,273.434000
757,664.954000,394.960000,2.630000,281.224000
758,716.963000,378.791000,3.490000,325.992000
759,683.984000,395.831000,9.020000,326.863000
760,733.453000,421.880000,1.980000,319.603000
761,635.585000,376.831000,0.890000,307.013000
762,662.985000,373.691000,17.159000,305.614000
763,740.472000,409.931000,4.030000,321.903000
764,639.996000,377.082000,4.739000,288.603000
765,685.254000,405.160000,1.939000,328.582000
766,680.375000,351.151000,6.830000,297.053000
767,718.554000,423.340000,2.530000,407.710000
768,733.112000,391.400000,2.979000,306.243000
769,589.336000,311.374000,3.019000,259.514000
770,613.445000,296.813000,3.710000,334.912000
771,594.706000,271.784000,2.870000,274.724000
772,796.211000,440.370000,3.640000,341.972000
773,565.197000,324.482000,6.460000,270.394000
774,598.796000,339.662000,7.309000,296.793000
775,441.719000,244.214000,3.021000,217.025000
776,663.983000,377.972000,1.249000,331.602000
777,735.973000,395.251000,14.500000,311.501000
778,714.363000,407.380000,17.259000,316.583000
779,691.495000,409.610000,1.630000,320.413000
780,667.995000,345.601000,3.250000,299.903000
781,701.904000,382.600000,4.390000,428.700000
782,527.148000,249.343000,1.720000,352.092000
783,631.405000,348.093000,1.131000,262.284000
784,670.684000,339.723000,3.550000,340.761000
785,592.075000,332.643000,3.960000,282.963000
786,719.873000,360.401000,14.990000,299.413000
787,541.608000,330.663000,3.540000,297.083000
788,743.044000,434.999000,15.411000,374.751000
789,578.045000,299.863000,6.140000,297.592000
790,567.626000,275.874000,4.820000,266.335000
791,520.487000,240.975000,2.141000,207.214000
792,512.799000,265.663000,2.260000,242.264000
793,610.215000,334.633000,4.109000,281.003000
794,665.295000,363.502000,35.360000,286.222000
795,604.846000,355.091000,3.651000,277.204000
796,667.564000,389.781000,2.250000,300.923000
797,491.509000,244.425000,17.930000,217.004000
798,638.135000,335.163000,5.920000,274.854000
799,367.281000,206.595000,17.960000,203.096000
800,616.415000,254.154000,5.240000,230.255000
801,596.716000,303.642000,4.130000,268.114000
802,766.933000,414.861000,6.850000,349.422000
803,650.185000,337.102000,3.410000,259.874000
804,653.295000,349.292000,3.070000,286.013000
805,633.765000,329.062000,2.120000,343.382000
806,875.880000,421.270000,18.379000,336.182000
807,667.925000,377.801000,2.930000,303.963000
808,599.766000,307.202000,17.130000,257.504000
809,652.244000,365.981000,2.470000,270.994000
810,743.323000,369.320000,2.621000,313.933000
811,573.626000,296.944000,6.890000,255.183000
812,606.947000,358.401000,2.430000,297.313000
813,550.598000,283.492000,7.531000,250.134000
814,577.076000,302.133000,10.860000,260.634000
815,637.665000,337.202000,4.280000,260.584000
816,657.105000,360.212000,2.890000,347.432000
817,575.746000,324.423000,2.460000,251.344000
818,746.343000,422.880000,9.429000,520.497000
819,767.973000,361.611000,18.790000,295.494000
820,653.825000,377.482000,10.310000,326.363000
821,678.143000,355.352000,2.971000,295.172000
822,645.065000,309.293000,1.780000,250.535000
823,648.975000,399.101000,3.260000,294.073000
824,643.545000,357.512000,8.371000,290.452000
825,649.364000,361.352000,12.690000,295.303000
826,557.996000,280.564000,5.520000,235.475000
827,351.591000,158.628000,7.880000,147.266000
828,750.382000,459.259000,4.261000,353.281000
829,654.646000,416.969000,2.390000,349.373000
830,686.954000,392.382000,3.470000,327.813000
831,673.224000,326.842000,3.709000,294.674000
832,630.295000,322.073000,3.689000,287.543000
833,639.135000,351.352000,3.690000,286.463000
834,804.411000,445.971000,1.710000,344.883000
835,625.285000,348.272000,2.370000,304.163000
836,842.540000,469.708000,8.931000,357.092000
837,627.485000,324.412000,18.830000,315.364000
838,690.732000,372.903000,3.670000,292.273000
839,663.245000,377.521000,7.280000,338.103000
840,614.725000,315.143000,13.510000,273.674000
841,660.994000,348.702000,3.740000,293.533000
842,542.297000,288.334000,3.090000,254.073000
843,604.467000,283.402000,11.720000,243.154000
844,492.279000,234.574000,3.030000,224.275000
845,758.292000,393.351000,3.640000,298.814000
846,458.960000,226.985000,10.010000,236.713000
847,754.633000,395.861000,9.809000,339.922000
848,591.107000,301.673000,9.000000,318.563000
849,519.538000,277.674000,6.810000,243.324000
850,669.085000,362.722000,25.229000,322.073000
851,551.427000,272.604000,3.410000,227.305000
852,681.174000,388.260000,3.440000,333.171000
853,617.715000,360.403000,2.370000,306.503000
854,574.707000,293.143000,3.840000,231.925000
855,715.704000,345.401000,13.649000,302.203000
856,661.515000,308.323000,5.080000,306.092000
857,655.205000,327.982000,4.050000,269.623000
858,565.617000,291.883000,1.440000,228.395000
859,760.953000,458.219000,4.600000,345.331000
860,510.249000,232.844000,3.839000,209.386000
861,559.836000,288.104000,1.210000,233.114000
862,689.253000,410.532000,3.269000,345.863000
863,707.523000,402.001000,1.461000,322.982000
864,664.215000,382.741000,1.680000,293.703000
865,591.195000,390.001000,13.910000,290.053000
866,741.973000,412.511000,12.760000,333.193000
867,588.106000,297.093000,3.080000,251.034000
868,661.675000,359.822000,1.550000,284.723000
869,630.936000,312.063000,2.410000,251.854000
870,534.376000,247.764000,2.970000,210.654000
871,729.364000,393.111000,1.419000,294.152000
872,609.216000,318.433000,1.059000,275.642000
873,644.176000,314.104000,13.320000,281.963000
874,654.475000,320.133000,3.860000,309.742000
875,578.618000,321.003000,6.780000,267.804000
876,615.055000,337.592000,2.960000,273.612000
877,764.313000,433.550000,14.600000,336.801000
878,764.982000,415.320000,2.700000,329.503000
879,541.846000,279.603000,16.969000,244.105000
880,762.433000,396.361000,4.439000,316.463000
881,584.477000,284.374000,3.211000,378.221000
882,641.435000,326.804000,6.509000,279.824000
883,675.163000,396.222000,6.170000,318.641000
884,607.357000,327.123000,6.120000,279.943000
885,694.524000,496.369000,2.560000,359.701000
886,738.073000,415.480000,3.100000,302.162000
887,640.125000,367.850000,1.720000,320.153000
888,564.096000,322.373000,8.090000,265.913000
889,603.566000,303.323000,34.239000,277.893000
890,647.895000,342.802000,6.220000,307.343000
891,682.684000,348.051000,3.269000,338.541000
892,632.444000,315.884000,5.090000,305.483000
893,772.393000,442.609000,3.580000,296.362000
894,642.764000,353.572000,10.169000,301.233000
895,626.326000,344.773000,6.960000,273.143000
896,748.734000,458.949000,3.490000,303.993000
897,540.677000,272.972000,1.339000,248.444000
898,554.187000,287.493000,10.800000,252.424000
899,625.436000,348.612000,5.260000,291.192000
900,797.861000,390.121000,2.140000,315.162000
901,602.557000,363.751000,3.730000,284.942000
902,639.435000,372.963000,4.489000,300.502000
903,761.413000,384.031000,4.950000,306.232000
904,473.139000,222.625000,5.629000,198.026000
905,713.724000,354.611000,7.130000,291.744000
906,558.757000,276.724000,6.820000,239.964000
907,681.385000,345.892000,17.840000,347.591000
908,727.923000,392.551000,4.919000,307.334000
909,716.633000,386.221000,1.840000,273.114000
910,474.219000,225.785000,18.219000,203.826000
911,764.583000,385.931000,8.510000,378.521000
912,615.005000,347.142000,3.640000,274.363000
913,722.774000,370.441000,15.770000,307.682000
914,476.699000,227.265000,7.590000,287.163000
915,586.057000,306.832000,2.060000,316.403000
916,744.862000,404.960000,3.440000,307.233000
917,683.773000,371.151000,5.530000,295.163000
918,466.540000,257.922000,17.400000,243.755000
919,443.100000,195.956000,10.330000,180.775000
920,575.256000,314.233000,9.069000,265.284000
921,656.505000,354.793000,3.639000,284.333000
922,615.086000,346.273000,14.589000,466.529000
923,657.765000,313.382000,16.459000,323.483000
924,770.892000,408.321000,2.890000,311.072000
925,563.327000,325.363000,2.900000,232.955000
926,567.605000,294.633000,8.720000,245.964000
927,604.776000,340.402000,2.550000,282.773000
928,636.355000,334.672000,6.720000,276.264000
929,707.484000,371.621000,3.670000,282.702000
930,625.556000,298.322000,4.830000,269.544000
931,614.845000,333.802000,10.520000,293.013000
932,662.605000,468.679000,8.069000,341.991000
933,531.668000,252.194000,8.000000,249.773000
934,672.905000,328.853000,3.499000,278.023000
935,629.496000,345.001000,9.100000,297.363000
936,638.207000,330.483000,4.140000,350.380000
937,721.393000,368.021000,12.920000,340.441000
938,659.725000,392.481000,3.910000,306.584000
939,520.937000,289.544000,3.870000,268.844000
940,633.235000,336.491000,2.259000,270.295000
941,721.884000,345.922000,10.160000,300.902000
942,543.357000,240.564000,7.610000,204.445000
943,632.845000,323.632000,17.840000,286.503000
944,598.565000,308.163000,4.520000,249.723000
945,607.326000,347.352000,2.760000,277.184000
946,781.441000,455.319000,1.981000,340.032000
947,627.415000,333.023000,3.340000,264.274000
948,675.664000,370.543000,2.109000,308.643000
949,622.946000,327.083000,7.100000,273.884000
950,647.315000,341.142000,2.381000,284.773000
951,719.443000,383.240000,6.931000,306.174000
952,671.793000,390.230000,16.199000,334.613000
953,635.895000,320.803000,4.480000,291.534000
954,664.735000,329.132000,2.050000,288.884000
955,613.866000,330.312000,4.660000,301.283000
956,578.137000,337.713000,4.410000,277.733000
957,486.578000,363.271000,1.950000,260.674000
958,620.796000,492.709000,9.349000,309.174000
959,481.018000,257.874000,4.551000,214.844000
960,710.263000,377.560000,4.150000,316.291000
961,708.624000,360.921000,3.051000,322.774000
962,664.394000,365.443000,1.840000,279.723000
963,590.297000,333.172000,3.500000,285.253000
964,582.507000,314.543000,1.579000,278.873000
965,743.233000,425.809000,2.539000,315.161000
966,779.772000,434.730000,7.429000,339.342000
967,639.985000,380.731000,15.750000,308.093000
968,752.322000,475.989000,6.480000,336.002000
969,720.634000,402.731000,9.879000,352.642000
970,705.494000,421.800000,2.880000,335.192000
971,701.614000,371.472000,2.040000,306.133000
972,505.888000,232.804000,3.660000,201.435000
973,654.644000,371.801000,3.450000,273.684000
974,646.955000,377.092000,1.511000,278.024000
975,504.497000,264.464000,17.920000,230.425000
976,669.165000,374.641000,12.290000,333.251000
977,611.686000,341.962000,2.190000,262.594000
978,616.035000,273.954000,15.170000,247.603000
979,736.204000,422.740000,12.270000,344.502000
980,770.591000,433.371000,4.211000,369.631000
981,582.575000,297.373000,2.480000,266.444000
982,696.723000,379.142000,1.810000,303.162000
983,428.960000,201.595000,6.480000,194.606000
984,618.666000,330.502000,3.180000,274.623000
985,628.205000,347.991000,2.349000,267.183000
986,777.032000,395.681000,5.200000,360.061000
987,496.818000,296.763000,8.629000,273.775000
988,668.105000,355.251000,14.209000,363.102000
989,765.392000,433.380000,16.390000,304.373000
990,561.238000,304.923000,15.230000,264.034000
991,661.334000,316.134000,2.388000,260.104000
992,755.924000,443.160000,10.899000,341.963000
993,760.283000,452.908000,7.529000,346.553000
994,610.415000,344.862000,2.150000,306.714000
995,473.129000,275.843000,2.611000,209.075000
996,642.665000,370.111000,3.009000,291.824000
997,646.855000,348.742000,17.019000,294.394000
998,676.135000,369.541000,7.600000,320.092000
999,627.435000,396.001000,117.227000,320.753000
